x1,x2,x3,nCell1,polyDeg1,polyDegPore1,y1,y2,y3,nCell2,polyDeg2,polyDegPore2
0.0,0.0,0.0,2,4,1,0.0,0.0,0.0,8,4,1
0.02677484029796032,0.027096598031202894,0.1,2,4,1,7.974900674427027e-18,8.092497994649693e-18,0.1,8,4,1
0.028401629569523475,0.028708096656438812,0.2,2,4,1,3.063480826680629e-15,3.1731247274842627e-15,0.2,8,4,1
-0.00870963951918886,-0.010442176817884232,0.3,2,4,1,-7.002978769798682e-15,-7.483608990091521e-15,0.3,8,4,1
-0.051605157047148936,-0.05635931351262098,0.4,2,4,1,-1.6138446721427615e-13,-1.7434739844433542e-13,0.4,8,4,1
-0.07269898303438013,-0.07886428361576732,0.5,2,4,1,8.153043068575139e-13,9.046033000184227e-13,0.5,8,4,1
-0.06262226284629142,-0.0666657392218761,0.6,2,4,1,2.313016323563783e-13,2.4489366105176974e-13,0.6,8,4,1
-0.02720200555050567,-0.02547895100380811,0.7,2,4,1,-8.118840292704653e-12,-9.395791059018173e-12,0.7,8,4,1
0.019949591346766347,0.029456475698599178,0.8,2,4,1,7.228210072244824e-12,8.745318721130842e-12,0.8,8,4,1
0.06418410083705635,0.08090976706832229,0.9,2,4,1,3.97585869699193e-11,4.7955464854853656e-11,0.9,8,4,1
0.09419853596415051,0.11500840492273266,1.0,2,4,1,-4.531589415197502e-11,-5.730524353232661e-11,1.0,8,4,1
0.10396084904392969,0.1239523599063454,1.1,2,4,1,-1.532049871818864e-10,-1.928558337030666e-10,1.1,8,4,1
0.09275667866818554,0.10649717697112991,1.2,2,4,1,1.3375259565430008e-10,1.791606533723019e-10,1.2,8,4,1
0.06409507876661805,0.06691988369847661,1.3,2,4,1,5.229443514804295e-10,6.897146126789774e-10,1.3,8,4,1
0.0241246890657643,0.013190701205274576,1.4,2,4,1,-1.41997813467806e-10,-2.1659118205160524e-10,1.4,8,4,1
-0.019968599427978007,-0.045061708654194906,1.5,2,4,1,-1.4809325281275717e-9,-2.056715017716072e-9,1.5,8,4,1
-0.06130037740097942,-0.09838632643405036,1.6,2,4,1,-6.628813215386045e-10,-8.644973630119459e-10,1.6,8,4,1
-0.09423650278553929,-0.13891701871489257,1.7,2,4,1,3.003767018488504e-9,4.431194815943074e-9,1.7,8,4,1
-0.11493462677360204,-0.16126205399687968,1.8,2,4,1,4.081427462306803e-9,5.909128181032651e-9,1.8,8,4,1
-0.12152616364886049,-0.16288719640120802,1.9,2,4,1,-2.730915307888145e-9,-4.492290920616054e-9,1.9,8,4,1
-0.11401733541606748,-0.14406578050535349,2.0,2,4,1,-1.1254514009478323e-8,-1.746653449264003e-8,2.0,8,4,1
-0.09399595918943969,-0.10750061713340842,2.1,2,4,1,-6.299601109771372e-9,-9.137110054534805e-9,2.1,8,4,1
-0.06422520589124239,-0.05773167946929729,2.2,2,4,1,1.516420805974237e-8,2.5650500987455e-8,2.2,8,4,1
-0.02819326331099743,-0.00043754330469521256,2.3,2,4,1,2.950715553169468e-8,4.8292622047115274e-8,2.3,8,4,1
0.010327060882331504,0.0582765750702594,2.4,2,4,1,6.945856760215875e-9,8.579804974966782e-9,2.4,8,4,1
0.04766984539129859,0.112531264292284,2.5,2,4,1,-4.5330098035966793e-8,-8.149458566762073e-8,2.5,8,4,1
0.08059359453943103,0.157214337592205,2.6,2,4,1,-7.016971361923404e-8,-1.216103413423357e-7,2.6,8,4,1
0.10651173640913901,0.18838037988715894,2.7,2,4,1,-1.2077814583280755e-8,-1.1929094230991298e-8,2.7,8,4,1
0.12363283488377051,0.2034959637386094,2.8,2,4,1,1.0523454008348659e-7,2.0379356116082617e-7,2.8,8,4,1
0.1310149422036672,0.201533396090574,2.9,2,4,1,1.6501117601190722e-7,3.0575249121687144e-7,2.9,8,4,1
0.12854413531446365,0.1829276854128196,3.0,2,4,1,5.4297373949184654e-8,7.758021925279834e-8,3.0,8,4,1
0.11685109345083007,0.14941981486970707,3.1,2,4,1,-1.9639983193696692e-7,-4.1801633145265685e-7,3.1,8,4,1
0.09718176689629714,0.10381450720125296,3.2,2,4,1,-3.748358566761099e-7,-7.517912512084336e-7,3.2,8,4,1
0.07123896261993555,0.049682813220221556,3.3,2,4,1,-2.3564801165749938e-7,-4.219578211601923e-7,3.3,8,4,1
0.041011213168525996,-0.00896054587024278,3.4,2,4,1,2.4850306717836686e-7,6.184073960916534e-7,3.4,8,4,1
0.008603756891288306,-0.06797769272825573,3.5,2,4,1,7.544658094962603e-7,1.6623953444877525e-6,3.5,8,4,1
-0.023915933214400824,-0.12340273463152492,3.6,2,4,1,7.742810802313584e-7,1.5946419546964454e-6,3.6,8,4,1
-0.05464864302948579,-0.1716935751700575,3.7,2,4,1,3.0682777226769146e-8,-1.8135657307065333e-7,3.7,8,4,1
-0.08196382762331383,-0.20992827585946364,3.8,2,4,1,-1.1563666736631647e-6,-2.886743251181688e-6,3.8,8,4,1
-0.10456717003444081,-0.23593971392353327,3.9,2,4,1,-1.9042198290615462e-6,-4.422916419056067e-6,3.9,8,4,1
-0.12153558010518763,-0.24838771062681897,4.0,2,4,1,-1.3156305799883022e-6,-2.672242557345095e-6,4.0,8,4,1
-0.13232247964539912,-0.24677242623320883,4.1,2,4,1,7.493492911461079e-7,2.5980085591122727e-6,4.1,8,4,1
-0.13673810129153025,-0.23139634939820106,4.2,2,4,1,3.2420638483813927e-6,8.626973824439805e-6,4.2,8,4,1
-0.13491069433668126,-0.20328458217232245,4.3,2,4,1,4.297748701579501e-6,1.0596811839699394e-5,4.3,8,4,1
-0.12723498486606777,-0.1640743103763414,4.4,2,4,1,2.388328262740855e-6,4.663877364887104e-6,4.4,8,4,1
-0.1143140771070123,-0.11588449396247051,4.5,2,4,1,-2.364675636762209e-6,-8.494299469856115e-6,4.5,8,4,1
-0.09690033731038465,-0.06117610750181528,4.6,2,4,1,-7.63548311663884e-6,-2.2147128381771102e-5,4.6,8,4,1
-0.07583981926980653,-0.002611944521618054,4.7,2,4,1,-9.738869382623359e-6,-2.591361515446785e-5,4.7,8,4,1
-0.05202360758113784,0.05707670754131002,4.8,2,4,1,-5.727014301308556e-6,-1.1841461474790697e-5,4.8,8,4,1
-0.02634821216556132,0.11521106200907612,4.9,2,4,1,4.29442955259174e-6,1.8766338977751247e-5,4.9,8,4,1
0.00031406251111882173,0.16926987289091722,5.0,2,4,1,1.6093226630809598e-5,5.220905487179647e-5,5.0,8,4,1
0.027134935239831015,0.216976554971108,5.1,2,4,1,2.254972924038733e-5,6.639690868078668e-5,5.1,8,4,1
0.053341220588975086,0.25636783268516056,5.2,2,4,1,1.7132635950783436e-5,4.199955427703725e-5,5.2,8,4,1
0.07821890326792025,0.2858444645322568,5.3,2,4,1,-1.8338183870414405e-6,-2.3780746990563768e-5,5.3,8,4,1
0.1011123926903071,0.3042053728592624,5.4,2,4,1,-2.840319420597807e-5,-0.00010841120645480632,5.4,8,4,1
0.1214213113140433,0.3106669895166424,5.5,2,4,1,-4.977692914035225e-5,-0.00016729720017219965,5.5,8,4,1
0.13859709938739495,0.304869841717837,5.6,2,4,1,-5.1213861539046354e-5,-0.00015147776765388218,5.6,8,4,1
0.15214142903816266,0.28687439089054384,5.7,2,4,1,-2.3606010925551507e-5,-3.4709343121481405e-5,5.7,8,4,1
0.16160796002430747,0.25714799652997994,5.8,2,4,1,2.9520607012883828e-5,0.00016184633241362388,5.8,8,4,1
0.16660838714775297,0.2165446017591973,5.9,2,4,1,8.933838125168072e-5,0.00036151284344484026,5.9,8,4,1
0.16682309507445342,0.16627844923349594,6.0,2,4,1,0.00012592948798197465,0.0004505274893906455,6.0,8,4,1
0.162016110175535,0.10789284241026248,6.1,2,4,1,0.00010924566598359625,0.00032262580587706245,6.1,8,4,1
0.15205348013916234,0.043224713588831704,6.2,2,4,1,2.351878691892201e-5,-6.353021520950488e-5,6.2,8,4,1
0.1369237680474187,-0.02563442190879128,6.3,2,4,1,-0.00012050585586220177,-0.0006374770762164047,6.3,8,4,1
0.11675905298929617,-0.09638065167133793,6.4,2,4,1,-0.0002814864401667585,-0.0012060286627022568,6.4,8,4,1
0.09185469612647001,-0.16654255114399688,6.5,2,4,1,-0.00039540554026523266,-0.0014948876236217294,6.5,8,4,1
0.06268616347544155,-0.23352828566515701,6.6,2,4,1,-0.00039520985487635963,-0.0012409802384723057,6.6,8,4,1
0.029921377894651224,-0.29467436022639043,6.7,2,4,1,-0.00023699070183439463,-0.00031107334776635487,6.7,8,4,1
-0.005572624150435349,-0.347295334643814,6.8,2,4,1,7.644796027344726e-5,0.0011968021912073766,6.8,8,4,1
-0.042729579701331726,-0.3887337029226036,6.9,2,4,1,0.00048535070851574207,0.002920310118255066,6.9,8,4,1
-0.08029083471950821,-0.41640903734637075,7.0,2,4,1,0.0008851874065795462,0.004310952040165834,7.0,8,4,1
-0.11681911891032883,-0.42786543453285686,7.1,2,4,1,0.0011657318308044874,0.004841850643397727,7.1,8,4,1
-0.15071884370587998,-0.42081628659380255,7.2,2,4,1,0.001275144230681898,0.004328762181115772,7.2,8,4,1
-0.18026217584857707,-0.39318544895133134,7.3,2,4,1,0.0013007712271695536,0.0033118700499467344,7.3,8,4,1
-0.20361989840769507,-0.3431439603546911,7.4,2,4,1,0.0015537979765122372,0.003419204712557304,7.4,8,4,1
-0.21889590810576548,-0.269141635741407,7.5,2,4,1,0.00264340062720987,0.007623588109971284,7.5,8,4,1
-0.22416415087889222,-0.1699330122453714,7.6,2,4,1,0.005528012258109815,0.02031753550367269,7.6,8,4,1
-0.21750681946717,-0.044597342310415504,7.7,2,4,1,0.01153608265986459,0.047162380298940515,7.7,8,4,1
-0.19705273827171646,0.10744747010255588,7.8,2,4,1,0.02235485217168788,0.09471154653901105,7.8,8,4,1
-0.16101500814256395,0.2864369051991593,7.9,2,4,1,0.03999143189231956,0.16985282482778521,7.9,8,4,1
-0.10772715603484165,0.4922575879858391,8.0,2,4,1,0.0667143710511912,0.27915008982163864,8.0,8,4,1
-0.03567720550188598,0.7244504104485502,8.1,2,4,1,0.10498504552844731,0.4281833646674268,8.1,8,4,1
0.05646074894357762,0.9822185562205057,8.2,2,4,1,0.15738663315069853,0.6209843283605149,8.2,8,4,1
0.1697977719847905,1.2644399708825917,8.3,2,4,1,0.22655492785121387,0.8596442585060902,8.3,8,4,1
0.30520433817114534,1.5696838088787215,8.4,2,4,1,0.31511105934971995,1.1441386990747697,8.4,8,4,1
0.46328779072137927,1.8962304505337475,8.5,2,4,1,0.42559264227710825,1.472375896162045,8.5,8,4,1
0.6443732169837558,2.2420947611038424,8.6,2,4,1,0.5603780136453481,1.8404416516878859,8.6,8,4,1
0.8484879840332594,2.605052330514208,8.7,2,4,1,0.7215985304660227,2.242987827670528,8.7,8,4,1
1.075350278040135,2.9826685293570616,8.8,2,4,1,0.9110362892712651,2.6736981905326807,8.8,8,4,1
1.3243620559999025,3.372330253508384,8.9,2,4,1,1.1300085848138604,3.1257642740090525,8.9,8,4,1
1.5946069193423393,3.7712802682084057,9.0,2,4,1,1.379244990460268,3.5923133792380484,9.0,8,4,1
1.8848534516695947,4.176654033271206,9.1,2,4,1,1.6587672872788326,4.066747820068792,9.1,8,4,1
2.1935645984389547,4.585518835823657,9.2,2,4,1,1.967785631445033,4.542975003833217,9.2,8,4,1
2.518913566687688,4.994914934680811,9.3,2,4,1,2.304625676101878,5.015528340755384,9.3,8,4,1
2.8588066367500753,5.40189828231288,9.4,2,4,1,2.666700549365302,5.479595953502864,9.4,8,4,1
3.2109130343325836,5.803584205616552,9.5,2,4,1,3.0505384705651766,5.930985475864592,9.5,8,4,1
3.572701743697555,6.197191238608579,9.6,2,4,1,3.4518715763738665,6.366057731522549,9.6,8,4,1
3.9414847771199963,6.5800841252492095,9.7,2,4,1,3.8657850317543327,6.78165966763403,9.7,8,4,1
4.314466039475527,6.949814874142324,9.8,2,4,1,4.286918270836562,7.175079064062541,9.8,8,4,1
4.688794544190518,7.304160641291417,9.9,2,4,1,4.709703541258776,7.544032285119606,9.9,8,4,1
5.0616203701902425,7.641157220876129,10.0,2,4,1,5.128621838619464,7.886684420864016,10.0,8,4,1
5.430151484239315,7.959126984152189,10.1,2,4,1,5.5384536337419705,8.20169111628553,10.1,8,4,1
5.791709383919961,8.256700264155823,10.2,2,4,1,5.934502330746102,8.488245429167472,10.2,8,4,1
6.143781485343623,8.532829419054224,10.3,2,4,1,6.312771698143168,8.746111547133811,10.3,8,4,1
6.48406829226525,8.786795103883987,10.4,2,4,1,6.670084608007815,8.975630630901538,10.4,8,4,1
6.810523631241281,9.018204614785327,10.5,2,4,1,7.00413774798002,9.177690454939494,10.5,8,4,1
7.121386612789064,9.226982527261576,10.6,2,4,1,7.313494436217241,9.353658355766576,10.6,8,4,1
7.4152044049690735,9.413354158539113,10.7,2,4,1,7.597524335252778,9.50528436083945,10.7,8,4,1
7.690845369538589,9.577822664431357,10.8,2,4,1,7.856303245729158,9.634586369380482,10.8,8,4,1
7.947502747960021,9.721140922434387,10.9,2,4,1,8.090488263936374,9.743731356189102,10.9,8,4,1
8.1846891805337,9.844279241064271,11.0,2,4,1,8.30118335316233,9.8349256562747,11.0,8,4,1
8.402223190874532,9.948390370532142,11.1,2,4,1,8.489808179798494,9.910324119837684,11.1,8,4,1
8.600208602539707,10.034772961974085,11.2,2,4,1,8.65797978888279,9.97196340863397,11.2,8,4,1
8.779008290578874,10.104834758103628,11.3,2,4,1,8.807412861421655,10.02172017887079,11.3,8,4,1
8.939213742642863,10.16005663680564,11.4,2,4,1,8.939840919160831,10.061291243877244,11.4,8,4,1
9.0816118064541,10.201958439303427,11.5,2,4,1,9.056958031634222,10.092190478952498,11.5,8,4,1
9.20714999569648,10.232067377934335,11.6,2,4,1,9.160378726690494,10.115756633416499,11.6,8,4,1
9.316901598173056,10.251889624143404,11.7,2,4,1,9.251612815684599,10.133166661897336,11.7,8,4,1
9.412031666189927,10.262885494120754,11.8,2,4,1,9.332051713004534,10.145450648551279,11.8,8,4,1
9.493764764299508,10.266448474665138,11.9,2,4,1,9.402962984579192,10.153505906841072,11.9,8,4,1
9.563355186043024,10.263888175598332,12.0,2,4,1,9.465490611313932,10.158109428796115,12.0,8,4,1
9.594893489956826,10.229121551995169,12.1,2,4,1,9.52065895797956,10.159928785517591,12.1,8,4,1
9.642288570308335,10.216216209097139,12.2,2,4,1,9.569379060788476,10.159532071744088,12.2,8,4,1
9.722398195030053,10.242527436119131,12.3,2,4,1,9.612456378260996,10.157397634478556,12.3,8,4,1
9.802247220282684,10.274358497860264,12.4,2,4,1,9.650599351761612,10.153923933602973,12.4,8,4,1
9.852219488057735,10.280647480153597,12.5,2,4,1,9.684428365606053,10.149439620890332,12.5,8,4,1
9.861548417271406,10.24943443721963,12.6,2,4,1,9.714484779151675,10.144213579712012,12.6,8,4,1
9.836704174161932,10.186790109298961,12.7,2,4,1,9.741239759573771,10.138464502680403,12.7,8,4,1
9.793970164147044,10.109391461949034,12.8,2,4,1,9.765102686717148,10.132369575580267,12.8,8,4,1
9.751816710207114,10.036549025913372,12.9,2,4,1,9.786428949777815,10.126071956122143,12.9,8,4,1
9.725373775156196,9.984230961559692,13.0,2,4,1,9.80552701344579,10.119686922292422,13.0,8,4,1
9.723519226579397,9.961778182295127,13.1,2,4,1,9.822664694202272,10.113306751866796,13.1,8,4,1
9.748238185071601,9.971054265728002,13.2,2,4,1,9.83807464906871,10.107004534662098,13.2,8,4,1
9.795581078832853,10.007372674587446,13.3,2,4,1,9.851959127717743,10.100837185174754,13.3,8,4,1
9.857510253354535,10.061460125543823,13.4,2,4,1,9.864494065795007,10.094847913364674,13.4,8,4,1
9.924031877669032,10.121800268438104,13.5,2,4,1,9.875832609789036,10.089068354650482,13.5,8,4,1
9.985173997035663,10.176861672971269,13.6,2,4,1,9.8861081692262,10.083520490310544,13.6,8,4,1
10.032541954221308,10.216891091791036,13.7,2,4,1,9.895437080225896,10.078218415674979,13.7,8,4,1
10.060330673840104,10.235113796439803,13.8,2,4,1,9.903920932128871,10.073169942510718,13.8,8,4,1
10.065786790518745,10.22831118904423,13.9,2,4,1,9.911648584634936,10.068377987504356,13.9,8,4,1
10.049189719933198,10.196836662106415,14.0,2,4,1,9.918697912747763,10.063841725348945,14.0,8,4,1
10.013463130085537,10.144185638593294,14.1,2,4,1,9.925137335631206,10.059557533855058,14.1,8,4,1
9.963543239004949,10.07626017284125,14.2,2,4,1,9.931027164145828,10.055519760748302,14.2,8,4,1
9.9056255399754,10.000469628884304,14.3,2,4,1,9.936420747473957,10.051721296317794,14.3,8,4,1
9.846394094285527,9.924793985524872,14.4,2,4,1,9.941365385510151,10.0481539276231,14.4,8,4,1
9.792313664735717,9.856911855441494,14.5,2,4,1,9.945903044338236,10.044808534558666,14.5,8,4,1
9.749039658373187,9.803466949275018,14.6,2,4,1,9.950070998718244,10.041675287818839,14.6,8,4,1
9.72097734528935,9.76951843879404,14.7,2,4,1,9.953902506545573,10.03874397690055,14.7,8,4,1
9.711002148507603,9.758195375419254,14.8,2,4,1,9.957427473587233,10.036004404914712,14.8,8,4,1
9.720337430007499,9.770554224581854,14.9,2,4,1,9.960672933185096,10.03344661266788,14.9,8,4,1
9.748575222104716,9.805622515577914,15.0,2,4,1,9.963663219960543,10.031060761680294,15.0,8,4,1
9.793817977080735,9.860600197370385,15.1,2,4,1,9.966419962567805,10.028836823660567,15.1,8,4,1
9.852915183977387,9.931183384467865,15.2,2,4,1,9.968962234948645,10.026764505856725,15.2,8,4,1
9.921766834694038,10.01197195903191,15.3,2,4,1,9.97130712656889,10.024833743072806,15.3,8,4,1
9.995665826627935,10.096922475920634,15.4,2,4,1,9.973470596579267,10.023035570782465,15.4,8,4,1
10.069652962512453,10.179810237806995,15.5,2,4,1,9.975468071848809,10.021362661878008,15.5,8,4,1
10.138860953981817,10.254668713146373,15.6,2,4,1,9.977314248742811,10.01980881609643,15.6,8,4,1
10.198827381349934,10.316179991023864,15.7,2,4,1,9.979022104472163,10.018367430172741,15.7,8,4,1
10.245760657598952,10.359996229983581,15.8,2,4,1,9.980601875967226,10.017029990862525,15.8,8,4,1
10.276747446725604,10.382978594949217,15.9,2,4,1,9.9820610891925,10.015786057744286,15.9,8,4,1
10.28989443662015,10.383346566129926,16.0,2,4,1,9.983406183271141,10.014625438407665,16.0,8,4,1
10.284401671386881,10.360736440224896,16.1,2,4,1,9.9846450606619,10.013541571130666,16.1,8,4,1
10.26056870354127,10.31617317756015,16.2,2,4,1,9.98578882047293,10.012533660143163,16.2,8,4,1
10.219738377200564,10.251964167982747,16.3,2,4,1,9.986850927759221,10.011605162888593,16.3,8,4,1
10.164186015759471,10.17152694422181,16.4,2,4,1,9.987843478638672,10.010758274395506,16.4,8,4,1
10.096964052227142,10.07916529301963,16.5,2,4,1,9.988772384497395,10.009987132328268,16.5,8,4,1
10.021713684248036,9.979809638634068,16.6,2,4,1,9.98963481483412,10.00927454786611,16.6,8,4,1
9.942455853730989,9.87873794265138,16.7,2,4,1,9.990421792755393,10.00859627044884,16.7,8,4,1
9.863373840571322,9.781292856038059,16.8,2,4,1,9.991126152408627,10.007932771674321,16.8,8,4,1
9.788599085802604,9.692609594601674,16.9,2,4,1,9.99175233844644,10.007283104246595,16.9,8,4,1
9.722010615441866,9.617367117066298,17.0,2,4,1,9.992321968737002,10.006671852372325,17.0,8,4,1
9.667056749124932,9.55957284416289,17.1,2,4,1,9.99286972734577,10.006141507094826,17.1,8,4,1
9.62660582606036,9.522388572840635,17.2,2,4,1,9.993428533334038,10.005729424051143,17.2,8,4,1
9.602830591845885,9.508002555007764,17.3,2,4,1,9.994009395197303,10.005438212038316,17.3,8,4,1
9.597128803016526,9.517550079553995,17.4,2,4,1,9.994586583216268,10.0052158394427,17.4,8,4,1
9.610080645859025,9.551082454390219,17.5,2,4,1,9.995099282268626,10.004961767247373,17.5,8,4,1
9.641441854787585,9.607582167363544,17.6,2,4,1,9.99547508354897,10.004565783093117,17.6,8,4,1
9.690169980545466,9.685020229246275,17.7,2,4,1,9.995669999253323,10.003969543063821,17.7,8,4,1
9.754480098287365,9.780450268230128,17.8,2,4,1,9.995708605258104,10.003224313685733,17.8,8,4,1
9.831925518058693,9.890133052531056,17.9,2,4,1,9.995702206864868,10.002511014657314,17.9,8,4,1
9.919498525554156,10.009684471068024,18.0,2,4,1,9.995827014027928,10.002096918114068,18.0,8,4,1
10.013745972762903,10.13423978529553,18.1,2,4,1,9.996258821306757,10.002227513790322,18.1,8,4,1
10.11089453645497,10.258627033298461,18.2,2,4,1,9.997081330069891,10.002984581779156,18.2,8,4,1
10.206980617403035,10.37754276767452,18.3,2,4,1,9.998203834726805,10.004169014815062,18.3,8,4,1
10.29798014921976,10.485723826947892,18.4,2,4,1,9.99933134359202,10.005275025710654,18.4,8,4,1
10.379933983650458,10.578109501385597,18.5,2,4,1,10.000019977843722,10.005601918279591,18.5,8,4,1
10.449064979820097,10.649989230608039,18.6,2,4,1,9.999822418254574,10.004501678811524,18.6,8,4,1
10.50188347085701,10.697131838071117,18.7,2,4,1,9.998489277916981,10.001698096213374,18.7,8,4,1
10.53527836823461,10.715893216689125,18.8,2,4,1,9.996155408374442,9.997557530449194,18.8,8,4,1
10.546591813146065,10.703300335829883,18.9,2,4,1,9.993419996518536,9.993166275122359,18.9,8,4,1
10.533675953033427,10.65711037384615,19.0,2,4,1,9.991237297017467,9.990091493086895,19.0,8,4,1
10.49493113999961,10.575844735680691,19.1,2,4,1,9.990574493825106,9.989774877156881,19.1,8,4,1
10.429325514074533,10.45879855007111,19.2,2,4,1,9.991857788888915,9.99261652027985,19.2,8,4,1
10.336396609405215,10.306027055445512,19.3,2,4,1,9.994301326719583,9.996922543965283,19.3,8,4,1
10.216236204113526,10.118310947391654,19.4,2,4,1,9.995274539456679,9.997978416694696,19.4,8,4,1
10.069460170733132,9.897103349846624,19.5,2,4,1,9.989891311064488,9.98753891806153,19.5,8,4,1
9.897165426455459,9.644461408302988,19.6,2,4,1,9.97098543988745,9.953977421662374,19.6,8,4,1
9.700876460530417,9.362965887738506,19.7,2,4,1,9.929569571068741,9.883214262887568,19.7,8,4,1
9.482483955736063,9.055632126374743,19.8,2,4,1,9.85577156060394,9.760371440102832,19.8,8,4,1
9.244178191583181,8.725815835256817,19.9,2,4,1,9.740126765828341,9.571919584845464,19.9,8,4,1
8.988379726081392,8.377116945686563,20.0,2,4,1,9.575007337554023,9.30794092604798,20.0,8,4,1
8.717669793926461,8.013284577739135,20.1,2,4,1,9.355917524220745,8.964068726892894,20.1,8,4,1
8.434722545838925,7.638125790657347,20.2,2,4,1,9.082394423048807,8.542701043247183,20.2,8,4,1
8.142241009357017,7.255420435312304,20.3,2,4,1,8.75832668545403,8.053219534571387,20.3,8,4,1
7.8428982953683315,6.868843974817627,20.4,2,4,1,8.391622288417977,7.511142116004524,20.4,8,4,1
7.539285242799513,6.481899709158219,20.5,2,4,1,7.993290510207408,6.936353332179421,20.5,8,4,1
7.233865331461731,6.097861372404703,20.6,2,4,1,7.576118673502196,6.350736277689517,20.6,8,4,1
6.928937378293892,5.7197266799823305,20.7,2,4,1,7.153193324080477,5.775633081312849,20.7,8,4,1
6.6266061985758915,5.350181965267799,20.8,2,4,1,6.736524663810821,5.229567313683326,20.8,8,4,1
6.328761144064183,4.991577707368037,20.9,2,4,1,6.335985716228646,4.726576914348091,20.9,8,4,1
6.037062204991492,4.645914464579733,21.0,2,4,1,5.9586914182379545,4.275357668590993,21.0,8,4,1
5.752933138281716,4.314838431610575,21.1,2,4,1,5.6088432973179465,3.879245816684929,21.1,8,4,1
5.477560943605059,3.9996456603344526,21.2,2,4,1,5.2879769005265205,3.536913727482143,21.2,8,4,1
5.211900914927517,3.701293862422742,21.3,2,4,1,4.995490045062934,3.2435468101764555,21.3,8,4,1
4.956686397935841,3.420420578824047,21.4,2,4,1,4.729306833631429,2.992226480675723,21.4,8,4,1
4.7124423663319135,3.157366479569818,21.5,2,4,1,4.4865428750910015,2.7752619146022246,21.5,8,4,1
4.479501949215965,2.9122025819853734,21.6,2,4,1,4.264070935115333,2.5852765257775707,21.6,8,4,1
4.25802505116988,2.6847601835078376,21.7,2,4,1,4.058930584072984,2.4159415967766433,21.7,8,4,1
4.048018272806272,2.4746623936803753,21.8,2,4,1,3.8685683981673984,2.2623366564767107,21.8,8,4,1
3.849355427782986,2.2813562669694027,21.9,2,4,1,3.6909285241374654,2.120986347797132,21.9,8,4,1
3.6617980243500963,2.1041446340074046,22.0,2,4,1,3.5244330129621204,1.989666689943457,22.0,8,4,1
3.4850151808014744,1.942216867513704,22.1,2,4,1,3.3678974027023907,1.8670879358702472,22.1,8,4,1
3.3186025518406144,1.7946779658567706,22.2,2,4,1,3.2204224749047863,1.7525511363961217,22.2,8,4,1
3.1620999287174523,1.6605754590174002,22.3,2,4,1,3.0812922380205077,1.6456496827172418,22.3,8,4,1
3.0150072812979825,1.5389237867987853,22.4,2,4,1,2.9498952581066575,1.5460550453720925,22.4,8,4,1
2.8767990821218223,1.4287259089865667,22.5,2,4,1,2.825674804024098,1.4533959904450122,22.5,8,4,1
2.746936843320879,1.328992034193578,22.6,2,4,1,2.7081048891477524,1.3672183177208117,22.6,8,4,1
2.624879852537125,1.2387554377272434,22.7,2,4,1,2.5966847839511003,1.2869999548853166,22.7,8,4,1
2.5100941510326007,1.1570854325375222,22.8,2,4,1,2.4909434991129418,1.2121935452665575,22.8,8,4,1
2.402059841926347,1.0830976204937965,22.9,2,4,1,2.3904470572899323,1.1422730172606834,22.9,8,4,1
2.3002768435330516,1.0159615987788748,23.0,2,4,1,2.294803860014583,1.076768762095311,23.0,8,4,1
2.2042692314803016,0.9549063497261467,23.1,2,4,1,2.2036660817136045,1.015284856450297,23.1,8,4,1
2.113588321132863,0.8992235526538669,23.2,2,4,1,2.1167270950755532,0.9574989747705658,23.2,8,4,1
2.0278146473779635,0.8482690726741782,23.3,2,4,1,2.0337161567658004,0.9031500890775762,23.3,8,4,1
1.9465590054168724,0.8014628996312736,23.4,2,4,1,1.954391981943902,0.8520206124367052,23.4,8,4,1
1.8694627022464423,0.7582877870458262,23.5,2,4,1,1.8785366218577522,0.8039189127546557,23.5,8,4,1
1.7961971624748039,0.7182868376114492,23.6,2,4,1,1.805950544995189,0.7586661013570913,23.6,8,4,1
1.7264630262181357,0.6810602765455452,23.7,2,4,1,1.7364492305271415,0.7160886093914994,23.7,8,4,1
1.6599888546268708,0.6462616165580793,23.8,2,4,1,1.669861135362098,0.6760160911322041,23.8,8,4,1
1.5965295496015224,0.6135934068927444,23.9,2,4,1,1.6060266335420077,0.6382829825624574,23.9,8,4,1
1.535864582030216,0.5828027389506539,24.0,2,4,1,1.5447974664205022,0.6027316796813171,24.0,8,4,1
1.4777961047267343,0.5536766494859416,24.1,2,4,1,1.4860363217009143,0.56921559192755,24.1,8,4,1
1.4221470151400142,0.5260375434044507,24.2,2,4,1,1.4296163065230738,0.537600980906012,24.2,8,4,1
1.3687590217821333,0.4997387377683795,24.3,2,4,1,1.3754202310485837,0.5077672206000033,24.3,8,4,1
1.317490756246083,0.4746602060921566,24.4,2,4,1,1.3233397321956912,0.4796056942065252,24.4,8,4,1
1.2682159611309427,0.4507045806456024,24.5,2,4,1,1.2732743297190958,0.453017872498363,24.5,8,4,1
1.220821781456712,0.42779346218057257,24.6,2,4,1,1.2251305087923197,0.4279131785827809,24.6,8,4,1
1.1752071720315114,0.40586405962532046,24.7,2,4,1,1.178820910529224,0.40420713471657826,24.7,8,4,1
1.1312814317334992,0.3848661770735564,24.8,2,4,1,1.1342636605254826,0.3818200545409496,24.8,8,4,1
1.088962872321938,0.36475955514880476,24.9,2,4,1,1.0913818415015486,0.3606763338533348,24.9,8,4,1
1.0481776170612573,0.34551155591585464,25.0,2,4,1,1.0501030792999497,0.34070421703966514,25.0,8,4,1
1.0088585331434594,0.3270951856824023,25.1,2,4,1,1.0103592103952743,0.32183584427996703,25.1,8,4,1
0.9709442860045746,0.309487431381525,25.2,2,4,1,0.9720859952405496,0.3040073775417235,25.2,8,4,1
0.9343785145627072,0.29266789285775796,25.3,2,4,1,0.9352228524001116,0.2871590577580413,25.3,8,4,1
0.8991091141453547,0.27661768241343837,25.4,2,4,1,0.8997126012094256,0.27123512125803273,25.4,8,4,1
0.8650876215071782,0.26131856622976,25.5,2,4,1,0.8655012092427843,0.25618357201283576,25.5,8,4,1
0.832268690255434,0.2467523188301952,25.6,2,4,1,0.832537548606684,0.2419558544461332,25.6,8,4,1
0.8006096480169106,0.23290026290801605,25.7,2,4,1,0.800773165996327,0.2285064888741466,25.7,8,4,1
0.7700701259763234,0.21974296717773562,25.8,2,4,1,0.7701620731304334,0.21579272885628029,25.8,8,4,1
0.740611750972438,0.2072600765377899,25.9,2,4,1,0.7406605584741217,0.2037742761692607,25.9,8,4,1
0.7121978928782938,0.19543024983285506,26.0,2,4,1,0.7122270204574728,0.19241306685338447,26.0,8,4,1
0.6847934578856184,0.18423118365266158,26.1,2,4,1,0.6848218211996385,0.18167312241008082,26.1,8,4,1
0.6583647220365846,0.17363970125420808,26.2,2,4,1,0.6584071560362532,0.17152044501531863,26.2,8,4,1
0.6328791970206563,0.16363188964880765,26.3,2,4,1,0.632946934774757,0.16192293382123601,26.3,8,4,1
0.6083055237559308,0.15418326863826654,26.4,2,4,1,0.6084066739537252,0.15285030586554077,26.4,8,4,1
0.5846133877927626,0.1452689790948315,26.5,2,4,1,0.584753396431699,0.14427400915669486,26.5,8,4,1
0.5617734524900886,0.13686397917325951,26.6,2,4,1,0.5619555370295432,0.1361671244741424,26.6,8,4,1
0.5397573063463258,0.12894323951289144,26.7,2,4,1,0.5399828557395795,0.1285042614869692,26.7,8,4,1
0.5185374209183565,0.12148193032866744,26.8,2,4,1,0.5188063568462675,0.1212614535336244,26.8,8,4,1
0.49808711710418563,0.1144555949778214,26.9,2,4,1,0.4983982138042699,0.11441605707218573,26.9,8,4,1
0.47838053740957354,0.10784030620316444,27.0,2,4,1,0.4787317006794115,0.10794666142021546,27.0,8,4,1
0.4593926224254821,0.10161280239421244,27.1,2,4,1,0.459781129472429,0.10183301006295464,27.1,8,4,1
0.4410990901960546,0.0957506024796039,27.2,2,4,1,0.4415217927994306,0.09605593283483889,27.2,8,4,1
0.42347641744618486,0.09023209903580898,27.3,2,4,1,0.4239299107947616,0.09059728613240438,27.3,8,4,1
0.406501821842262,0.0850366299245684,27.4,2,4,1,0.40698258258680303,0.0854398994072704,27.4,8,4,1
0.3901532447393603,0.0801445294363068,27.5,2,4,1,0.39065774124422764,0.08056752484996865,27.5,8,4,1
0.3744093339608112,0.075537160245713,27.6,2,4,1,0.3749341121119521,0.07596478901839068,27.6,8,4,1
0.3592494263486782,0.07119692788520772,27.7,2,4,1,0.3597911740051749,0.07161714552038057,27.7,8,4,1
0.34465353002952775,0.0671072798031219,27.8,2,4,1,0.3452091230716544,0.0675108289078117,27.8,8,4,1
0.33060230631045356,0.06325269102691765,27.9,2,4,1,0.3311688391929041,0.06363281035525707,27.9,8,4,1
0.3170770512432505,0.059618638565920284,28.0,2,4,1,0.3176518547304039,0.059970755699771415,28.0,8,4,1
0.3040596769021038,0.056191566586195896,28.1,2,4,1,0.30464032545402625,0.05651298625229987,28.1,8,4,1
0.29153269242598034,0.05295884428285717,28.2,2,4,1,0.2921170034882874,0.05324844251697785,28.2,8,4,1
0.27947918483806994,0.04990871815567972,28.3,2,4,1,0.2800652121197799,0.05016665068275628,28.3,8,4,1
0.26788280032120976,0.04703026122009565,28.4,2,4,1,0.26846882228869656,0.0472576915384368,28.4,8,4,1
0.2567277250651127,0.04431331918652663,28.5,2,4,1,0.25731223061880576,0.04451217141624942,28.5,8,4,1
0.24599866685024738,0.04174845646949312,28.6,2,4,1,0.24658033887302355,0.04192119481954805,28.6,8,4,1
0.23568083658999733,0.03932690192309737,28.7,2,4,1,0.23625853466185176,0.03947633841367264,28.7,8,4,1
0.22575993076147574,0.03704049635883957,28.8,2,4,1,0.2263326733153792,0.037169626242633265,28.8,8,4,1
0.21622211370989386,0.03488164124417224,28.9,2,4,1,0.21678906083859795,0.03499350612461982,28.9,8,4,1
0.20705400117024836,0.03284325074291374,29.0,2,4,1,0.20761443787584302,0.03294082723208644,29.0,8,4,1
0.1982426440678,0.030918706310678657,29.1,2,4,1,0.19879596454142356,0.03100481880971153,29.1,8,4,1
0.18977551282838534,0.029101814460776185,29.2,2,4,1,0.19032120612624942,0.029179070104750935,29.2,8,4,1
0.1816404825897089,0.02738676822490375,29.3,2,4,1,0.1821781195834808,0.027457511449806224,29.3,8,4,1
0.17382581913251044,0.025768112122299385,29.4,2,4,1,0.17435504068004232,0.02583439639557422,29.4,8,4,1
0.16632016515205142,0.024240710315466693,29.5,2,4,1,0.16684067185448936,0.02430428489812298,29.5,8,4,1
0.15911252733184045,0.02279971828607519,29.6,2,4,1,0.15962407064924963,0.022862027404925836,29.6,8,4,1
0.15219226419522414,0.021440557810073552,29.7,2,4,1,0.1526946386929239,0.021502749780250484,29.7,8,4,1
0.14554907441342405,0.02015889480385367,29.8,2,4,1,0.14604211123514357,0.020221839036876174,29.8,8,4,1
0.1391729856147375,0.018950619890709265,29.9,2,4,1,0.1396565470735935,0.019014929731713776,29.9,8,4,1
0.13305434385472917,0.017811831551126176,30.0,2,4,1,0.13352831893126313,0.017877891058704763,30.0,8,4,1
0.12718380361464066,0.01673882153350601,30.1,2,4,1,0.12764810426238182,0.016806814617989198,30.1,8,4,1
0.12155231827781604,0.015728062227654355,30.2,2,4,1,0.12200687636338801,0.015798002768683057,30.2,8,4,1
0.11615113093822774,0.014776195698369566,30.3,2,4,1,0.11659589589365527,0.014847957634783578,30.3,8,4,1
0.11097176574122135,0.0138800242707542,30.4,2,4,1,0.11140670272096552,0.01395337068824055,30.4,8,4,1
0.10600601955380362,0.013036502327506543,30.5,2,4,1,0.10643110804697026,0.01311111286718207,30.5,8,4,1
0.10124595404141132,0.012242729169852938,30.6,2,4,1,0.10166118669151232,0.01231822513696702,30.6,8,4,1
0.0966838879661597,0.011495942668764447,30.7,2,4,1,0.09708926970761608,0.011571909590538354,30.7,8,4,1
0.09231238988316913,0.010793513648843478,30.8,2,4,1,0.09270793724046429,0.010869521009959924,30.8,8,4,1
0.08812427110533658,0.010132940790379893,30.9,2,4,1,0.08851001165772215,0.010208558884929329,30.9,8,4,1
0.08411257872244261,0.009511845832731916,31.0,2,4,1,0.0844885508963818,0.009586659841241404,31.0,8,4,1
0.08027058922368636,0.00892796927064161,31.1,2,4,1,0.08063684177746387,0.00900159032578483,31.1,8,4,1
0.07659180200909804,0.008379166089198583,31.2,2,4,1,0.07694839365989538,0.008451239755632533,31.2,8,4,1
0.07306993321052135,0.007863401701557811,31.3,2,4,1,0.07341693229423653,0.007933614029757513,31.3,8,4,1
0.06969890947170325,0.007378747867323145,31.4,2,4,1,0.07003639398658876,0.0074468294466197744,31.4,8,4,1
0.06647286244866914,0.006923378940890407,31.5,2,4,1,0.06680091949853245,0.006989106720481376,31.5,8,4,1
0.06338612299326604,0.006495567905462153,31.6,2,4,1,0.06370484830102575,0.006558765415699756,31.6,8,4,1
0.06043321536111319,0.006093682365781051,31.7,2,4,1,0.06074271314309127,0.006154218747874705,31.7,8,4,1
0.05760885200797799,0.005716180769247544,31.8,2,4,1,0.05790923467898515,0.005773968613490987,31.8,8,4,1
0.054907928447788155,0.005361608590876666,31.9,2,4,1,0.055199315861863295,0.005416600711486023,31.9,8,4,1
0.05232551761737798,0.005028594246624398,32.0,2,4,1,0.052608036832430025,0.0050807800870653185,32.0,8,4,1
0.04985686517354536,0.004715845413203492,32.1,2,4,1,0.0501306501234271,0.004765246982307366,32.1,8,4,1
0.04749738461416367,0.004422145237982344,32.2,2,4,1,0.04776257532427827,0.004468812624253674,32.2,8,4,1
0.04524265196100022,0.00414634836564283,32.3,2,4,1,0.04549939424342142,0.004190355397068175,32.3,8,4,1
0.04308840155267539,0.0038873774690823086,32.4,2,4,1,0.043336846516627274,0.003928817341286431,32.4,8,4,1
0.04103052117465184,0.0036442195214790377,32.5,2,4,1,0.041270824585196354,0.0036832005460400007,32.5,8,4,1
0.039065047286968316,0.0034159221765035002,32.6,2,4,1,0.03929736917018347,0.0034525638847519293,32.6,8,4,1
0.037188161115399875,0.0032015905565543,32.7,2,4,1,0.0374126652228435,0.0032360200566860556,32.7,8,4,1
0.03539618379702161,0.0030003837450989805,32.8,2,4,1,0.03561303698833713,0.00303273242592668,32.8,8,4,1
0.033685572279869215,0.0028115116714374556,32.9,2,4,1,0.033894944247711535,0.0028419124104512227,32.9,8,4,1
0.032052915408859385,0.0026342321525034476,33.0,2,4,1,0.03225497798847647,0.002662816775233567,33.0,8,4,1
0.030494929357667434,0.0024678478119334107,33.1,2,4,1,0.03068985612473557,0.0024947450563868735,33.1,8,4,1
0.029008454087806865,0.0023117034740286263,33.2,2,4,1,0.029196420044023775,0.002337037359533161,33.2,8,4,1
0.027590449284619307,0.002165183487733057,33.3,2,4,1,0.02777163012511377,0.002189071916849766,33.3,8,4,1
0.026237990349979853,0.0020277091960062697,33.4,2,4,1,0.026412562438668165,0.002050263115215927,33.4,8,4,1
0.024948265131746406,0.0018987367508634864,33.5,2,4,1,0.02511640477811655,0.001920059397931256,33.5,8,4,1
0.02371856982412745,0.001777754787893225,33.6,2,4,1,0.023880453052562138,0.001797941360330978,33.6,8,4,1
0.02254630566295117,0.0016642824560398064,33.7,2,4,1,0.02270210800467595,0.0016834200156882544,33.7,8,4,1
0.021428975530096362,0.0015578675235076102,33.8,2,4,1,0.021578871318849478,0.0015760349580580429,33.8,8,4,1
0.020364180231497067,0.0014580845002636152,33.9,2,4,1,0.02050834285437974,0.0014753529107358382,33.9,8,4,1
0.019349615688914867,0.0013645331055206957,34.0,2,4,1,0.019488216702508037,0.001380966014217461,34.0,8,4,1
0.018383069247068482,0.0012768365950463322,34.1,2,4,1,0.018516278679291197,0.001292490561994298,34.1,8,4,1
0.01746241687224173,0.0011946404045984171,34.2,2,4,1,0.01759040255327589,0.0012095654601045902,34.2,8,4,1
0.016585619992519677,0.0011176107825459397,34.3,2,4,1,0.01670854764604702,0.0011318510927463912,34.3,8,4,1
0.01575072241693052,0.0010454335158679236,34.4,2,4,1,0.015868755266013106,0.0010590279470117881,34.4,8,4,1
0.014955847710689942,0.0009778128336985891,34.5,2,4,1,0.01506914644224206,0.000990795602960779,34.5,8,4,1
0.014199196020408398,0.0009144702430773382,34.6,2,4,1,0.014307918532190555,0.0009268714996712908,34.6,8,4,1
0.013479041757223184,0.0008551436160225574,34.7,2,4,1,0.013583343100131708,0.0008669900399023161,34.7,8,4,1
0.012793730480257897,0.000799586148931416,34.8,2,4,1,0.012893762664449731,0.0008109014768611373,34.8,8,4,1
0.012141676784626467,0.0007475655856315466,34.9,2,4,1,0.012237588740636003,0.0007583711277735327,34.9,8,4,1
0.01152136132442301,0.0006988632970174491,35.0,2,4,1,0.011613298754542783,0.0007091783754213331,35.0,8,4,1
0.010931328799594141,0.0006532735980173855,35.1,2,4,1,0.011019434157606955,0.0006631159605937152,35.1,8,4,1
0.010370185229631587,0.0006106029502152424,35.2,2,4,1,0.01045459761755555,0.0006199891105332055,35.2,8,4,1
0.009836595930145426,0.0005706693355696558,35.3,2,4,1,0.009917451069194594,0.0005796148752818682,35.3,8,4,1
0.009329283141200864,0.0005333015852970611,35.4,2,4,1,0.009406713323059333,0.0005418213995923543,35.4,8,4,1
0.008847023835321762,0.000498338769658871,35.5,2,4,1,0.008921157906464212,0.0005064472701509555,35.5,8,4,1
0.008388647842067476,0.00046562966445218366,35.6,2,4,1,0.008459611175453696,0.00047334093478800475,35.6,8,4,1
0.007953035464083694,0.00043503214527728745,35.7,2,4,1,0.008020949959884876,0.0004423600603443762,35.7,8,4,1
0.007539115938318575,0.00040641275003824054,35.8,2,4,1,0.0076041000202320425,0.0004133710587240038,35.8,8,4,1
0.00714586515340521,0.00037964612495076195,35.9,2,4,1,0.007208033779553864,0.00038624850308734967,35.9,8,4,1
0.006772304035111316,0.00035461460269375027,36.0,2,4,1,0.00683176871934188,0.00036087468131872606,36.0,8,4,1
0.006417496769624214,0.0003312077634574109,36.1,2,4,1,0.006474365595810293,0.00033713913309792973,36.1,8,4,1
0.006080548875861723,0.0003093219853807123,36.2,2,4,1,0.0061349265371316904,0.00031493818672077546,36.2,8,4,1
0.005760605866601546,0.00028886010198365193,36.3,2,4,1,0.00581259369670392,0.00029417460099626335,36.3,8,4,1
0.0054568513618550125,0.00026973098167280737,36.4,2,4,1,0.005506547376003978,0.00027475713623940017,36.4,8,4,1
0.005168505635611959,0.00025184918845338507,36.5,2,4,1,0.005216004579744481,0.0002566002090897916,36.5,8,4,1
0.004894824242610962,0.00023513466225965016,36.6,2,4,1,0.004940217638326125,0.0002396235678993271,36.6,8,4,1
0.004635096327573735,0.00021951236197322418,36.7,2,4,1,0.004678472533451228,0.00022375193688616035,36.7,8,4,1
0.004388643443470798,0.0002049119940079936,36.8,2,4,1,0.004430087701299564,0.00020891474253936922,36.8,8,4,1
0.0041548181588732126,0.00019126771697973682,36.9,2,4,1,0.004194412664705373,0.00019504582407696118,36.9,8,4,1
0.003933002632579967,0.00017851785228838405,37.0,2,4,1,0.003970826597680782,0.00018208314595213407,37.0,8,4,1
0.0037226075613672072,0.00016660465471866282,37.1,2,4,1,0.0037587372648421797,0.00016996857138872978,37.1,8,4,1
0.003523070876195785,0.0001554740552478961,37.2,2,4,1,0.003557579754177344,0.0001586476152175234,37.2,8,4,1
0.0033338565173743817,0.0001450754240480269,37.3,2,4,1,0.003366815221196292,0.00014806920796587157,37.3,8,4,1
0.003154453478911816,0.000135361375569307,37.4,2,4,1,0.0031859299248890795,0.0001381855054427041,37.4,8,4,1
0.002984374639407298,0.00012628755241913674,37.5,2,4,1,0.0030144341133126955,0.00012895168499164295,37.5,8,4,1
0.0028231556769070573,0.00011781242823578172,37.6,2,4,1,0.0028518609007749766,0.00012032574869182823,37.6,8,4,1
0.002670354208410462,0.00010989714426658293,37.7,2,4,1,0.0026977653758732344,0.00011226836125046681,37.7,8,4,1
0.0025255487711707374,0.00010250533221886679,37.8,2,4,1,0.0025517236580499046,0.0001047426863503145,37.8,8,4,1
0.00238833784291172,9.560294891908899e-5,37.9,2,4,1,0.0024133318930713533,9.771422214550889e-5,37.9,8,4,1
0.0022583390561657815,8.915813898880612e-5,38.0,2,4,1,0.002282205396929372,9.115065950965535e-5,38.0,8,4,1
0.002135188343616876,8.314109407655789e-5,38.1,2,4,1,0.002157977887759015,8.50217543446698e-5,38.1,8,4,1
0.002018539049268637,7.75239141283883e-5,38.2,2,4,1,0.0020403005973221307,7.929919081166756e-5,38.2,8,4,1
0.0019080611920981637,7.228049029974607e-5,38.3,2,4,1,0.0019288414771408832,7.395645985804267e-5,38.3,8,4,1
0.001803440767506309,6.738639553710159e-5,38.4,2,4,1,0.0018232844824883825,6.89687499109523e-5,38.4,8,4,1
0.0017043789566021054,6.281876990910834e-5,38.5,2,4,1,0.0017233288846504483,6.431284374392789e-5,38.5,8,4,1
0.0016105914345631652,5.855622047278476e-5,38.6,2,4,1,0.0016286885254102796,5.996701299078651e-5,38.6,8,4,1
0.0015218077605291982,5.457873268546587e-5,38.7,2,4,1,0.0015390911519580098,5.59109243794628e-5,38.7,8,4,1
0.001437770736758856,5.0867581745460085e-5,38.8,2,4,1,0.0014542778100969547,5.21255547203513e-5,38.8,8,4,1
0.001358235763077626,4.740524693974116e-5,38.9,2,4,1,0.0013740022546177117,4.859310997106057e-5,38.9,8,4,1
0.0012829702594347905,4.41753355126373e-5,39.0,2,4,1,0.0012980303297063817,4.529694428924057e-5,39.0,8,4,1
0.0012117531487757423,4.116251464088385e-5,39.1,2,4,1,0.0012261394097823099,4.222148737108472e-5,39.1,8,4,1
0.0011443743087003516,3.835244272125075e-5,39.2,2,4,1,0.0011581178680859841,3.9352176686058564e-5,39.2,8,4,1
0.0010806340363858737,3.573170441833683e-5,39.3,2,4,1,0.0010937645862897603,3.667539546064086e-5,39.3,8,4,1
0.001020342563678685,3.328775230160101e-5,39.4,2,4,1,0.0010328884601328529,3.417841215162974e-5,39.4,8,4,1
0.0009633196124567731,3.100885373942242e-5,39.5,2,4,1,0.0009753079069539901,3.1849322155131056e-5,39.5,8,4,1
0.000909393946186999,2.8884039109675886e-5,39.6,2,4,1,0.0009208504258537288,2.9676995852444993e-5,39.6,8,4,1
0.0008584029238608222,2.6903052006932587e-5,39.7,2,4,1,0.0008693521678516099,2.7651029124951017e-5,39.7,8,4,1
0.0008101920908362483,2.5056303990598026e-5,39.8,2,4,1,0.0008206575307445619,2.5761697415633476e-5,39.8,8,4,1
0.0007646147897698668,2.333483232183604e-5,39.9,2,4,1,0.000774618773116005,2.3999912677210505e-5,39.9,8,4,1
0.0007215318084402785,2.173026182805785e-5,40.0,2,4,1,0.0007310956400020926,2.2357182626627765e-5,40.0,8,4,1
