x1,x2,time,nCell1,polyDeg1,polyDegPore1,y1,y2,nCell2,polyDeg2,polyDegPore2
0,0,0,1,4,4,0,0,4,4,4
0.490179473,0.491642969,1,1,4,4,-9.35E-08,-9.53E-08,4,4,4
0.097293763,0.092314005,2,1,4,4,8.83E-07,9.08E-07,4,4,4
-0.215691898,-0.228667863,3,1,4,4,-1.29E-06,-1.35E-06,4,4,4
-0.355145499,-0.370805605,4,1,4,4,-4.60E-07,-4.82E-07,4,4,4
-0.368398351,-0.38079586,5,1,4,4,4.46E-06,4.80E-06,4,4,4
-0.310245351,-0.315416711,6,1,4,4,-5.14E-06,-5.64E-06,4,4,4
-0.22020533,-0.216555355,7,1,4,4,-2.30E-06,-2.54E-06,4,4,4
-0.122894101,-0.110762067,8,1,4,4,8.07E-06,9.16E-06,4,4,4
-0.032275555,-0.01329478,9,1,4,4,1.59E-06,1.76E-06,4,4,4
0.04455433,0.068045523,10,1,4,4,-1.02E-05,-1.20E-05,4,4,4
-0.381376536,-0.359287614,11,1,4,4,-5.48E-06,-6.35E-06,4,4,4
0.061437092,0.086211759,12,1,4,4,6.42E-06,8.29E-06,4,4,4
0.402021092,0.431497625,13,1,4,4,5.75E-06,7.05E-06,4,4,4
0.548470825,0.578323114,14,1,4,4,-1.87E-05,-2.30E-05,4,4,4
0.553704975,0.577866915,15,1,4,4,-4.67E-05,-5.63E-05,4,4,4
0.477514699,0.491164532,16,1,4,4,-3.32E-05,-3.96E-05,4,4,4
0.363295018,0.363813084,17,1,4,4,7.44E-06,1.47E-05,4,4,4
0.238674827,0.225573338,18,1,4,4,9.80E-05,0.000133013,4,4,4
0.11997592,0.094467518,19,1,4,4,0.000333955,0.000432903,4,4,4
0.016166723,-0.019320194,20,1,4,4,0.000883158,0.001137334,4,4,4
-0.068329605,-0.110576301,21,1,4,4,0.002059797,0.002667101,4,4,4
-0.131800551,-0.177138597,22,1,4,4,0.004388145,0.005717709,4,4,4
-0.174099812,-0.218674079,23,1,4,4,0.008580079,0.011230143,4,4,4
-0.195957,-0.235926437,24,1,4,4,0.015465768,0.020298745,4,4,4
-0.198573306,-0.230263832,25,1,4,4,0.025943609,0.034096441,4,4,4
-0.183391217,-0.203411359,26,1,4,4,0.040961465,0.053837065,4,4,4
-0.151966809,-0.157293399,27,1,4,4,0.06149677,0.080739428,4,4,4
-0.105900448,-0.09393935,28,1,4,4,0.08850526,0.115956982,4,4,4
-0.04679945,-0.015424918,29,1,4,4,0.122836823,0.160470411,4,4,4
0.023742614,0.07616705,30,1,4,4,0.165141076,0.214970529,4,4,4
0.104158506,0.178775067,31,1,4,4,0.21579072,0.279766418,4,4,4
0.192916305,0.290381527,32,1,4,4,0.274841007,0.354741893,4,4,4
0.288527018,0.409031566,33,1,4,4,0.342029093,0.439364675,4,4,4
0.389551771,0.532849324,34,1,4,4,0.416805689,0.532737699,4,4,4
0.494608875,0.660052042,35,1,4,4,0.498386317,0.633675247,4,4,4
0.602380744,0.788962108,36,1,4,4,0.585809839,0.740787095,4,4,4
0.711620499,0.918017061,37,1,4,4,0.677995199,0.852558433,4,4,4
0.821158046,1.04577754,38,1,4,4,0.773791327,0.967418849,4,4,4
0.92990543,1.170933178,39,1,4,4,0.87201845,1.083798174,4,4,4
1.036861314,1.292306469,40,1,4,4,0.9715011,1.200169831,4,4,4
1.14111443,1.40885469,41,1,4,4,1.071094106,1.315083609,4,4,4
1.241845965,1.51966998,42,1,4,4,1.169702993,1.427189995,4,4,4
1.338330815,1.623977728,43,1,4,4,1.266300053,1.535257916,4,4,4
1.429937724,1.721133408,44,1,4,4,1.35993695,1.638187227,4,4,4
1.516128357,1.810618074,45,1,4,4,1.449754406,1.735016856,4,4,4
1.596455357,1.892032677,46,1,4,4,1.534989304,1.824929253,4,4,4
1.67055948,1.965091412,47,1,4,4,1.614979393,1.907251564,4,4,4
1.738165919,2.029614292,48,1,4,4,1.689165736,1.981453913,4,4,4
1.799079916,2.085519122,49,1,4,4,1.757093044,2.047145151,4,4,4
1.853181803,2.132813076,50,1,4,4,1.818408081,2.104066443,4,4,4
1.900421578,2.171584015,51,1,4,4,1.872856345,2.152083066,4,4,4
1.940813143,2.20199173,52,1,4,4,1.920277268,2.191174808,4,4,4
1.974428333,2.22425922,53,1,4,4,1.960598199,2.221425355,4,4,4
2.001390825,2.238664147,54,1,4,4,1.993827434,2.243011002,4,4,4
2.02187004,2.245530551,55,1,4,4,2.020046577,2.25618905,4,4,4
2.036075133,2.245220927,56,1,4,4,2.039402455,2.261286144,4,4,4
2.044249131,2.23812872,57,1,4,4,2.052098839,2.258686827,4,4,4
2.046663304,2.224671298,58,1,4,4,2.058388164,2.248822505,4,4,4
2.043611809,2.205283434,59,1,4,4,2.058563415,2.23216099,4,4,4
2.035406661,2.180411328,60,1,4,4,2.052950341,2.209196746,4,4,4
2.022373047,2.150507179,61,1,4,4,2.04190008,2.180441928,4,4,4
2.004845023,2.116024306,62,1,4,4,2.025782309,2.146418267,4,4,4
1.983161592,2.077412818,63,1,4,4,2.004978959,2.107649834,4,4,4
1.95766317,2.03511581,64,1,4,4,1.979878538,2.064656681,4,4,4
1.928688444,1.989566077,65,1,4,4,1.950871079,2.017949353,4,4,4
1.896571606,1.941183311,66,1,4,4,1.918343713,1.968024231,4,4,4
1.861639954,1.89037176,67,1,4,4,1.882676849,1.915359669,4,4,4
1.824211843,1.837518315,68,1,4,4,1.84424095,1.860412874,4,4,4
1.784594963,1.782990992,69,1,4,4,1.803393852,1.803617464,4,4,4
1.743084929,1.727137782,70,1,4,4,1.760478606,1.745381658,4,4,4
1.699964154,1.670285825,71,1,4,4,1.715821793,1.68608701,4,4,4
1.655500984,1.612740891,72,1,4,4,1.669732271,1.626087656,4,4,4
1.609949067,1.554787117,73,1,4,4,1.622500299,1.565709983,4,4,4
1.563546947,1.496686985,74,1,4,4,1.574397011,1.505252675,4,4,4
1.51651783,1.438681497,75,1,4,4,1.525674178,1.444987088,4,4,4
1.469069534,1.380990539,76,1,4,4,1.476564227,1.385157877,4,4,4
1.42139458,1.323813379,77,1,4,4,1.427280481,1.325983854,4,4,4
1.373670401,1.267329304,78,1,4,4,1.378017569,1.267659014,4,4,4
1.326059674,1.211698355,79,1,4,4,1.328951987,1.210353693,4,4,4
1.278710726,1.157062141,80,1,4,4,1.28024278,1.154215839,4,4,4
1.23175802,1.103544722,81,1,4,4,1.232032302,1.099372336,4,4,4
1.185322702,1.051253532,82,1,4,4,1.184447051,1.04593038,4,4,4
1.139513187,1.000280344,83,1,4,4,1.137598544,0.993978867,4,4,4
1.09442578,0.95070224,84,1,4,4,1.091584223,0.943589786,4,4,4
1.050145324,0.902582599,85,1,4,4,1.046488367,0.894819586,4,4,4
1.006745855,0.855972072,86,1,4,4,1.002383007,0.847710522,4,4,4
0.964291265,0.810909551,87,1,4,4,0.959328826,0.802291949,4,4,4
0.922835959,0.767423116,88,1,4,4,0.917376045,0.75858157,4,4,4
0.882425516,0.725530955,89,1,4,4,0.87656527,0.716586626,4,4,4
0.84309732,0.685242256,90,1,4,4,0.83692832,0.676305027,4,4,4
0.804881189,0.646558058,91,1,4,4,0.798489007,0.637726409,4,4,4
0.767799974,0.609472074,92,1,4,4,0.761263883,0.600833136,4,4,4
0.731870141,0.573971466,93,1,4,4,0.725262943,0.565601227,4,4,4
0.697102323,0.540037577,94,1,4,4,0.690490293,0.532001219,4,4,4
0.663501855,0.507646631,95,1,4,4,0.656944759,0.499998961,4,4,4
0.631069268,0.476770377,96,1,4,4,0.624620478,0.469556349,4,4,4
0.599800768,0.447376696,97,1,4,4,0.593507427,0.440631992,4,4,4
0.569688682,0.419430172,98,1,4,4,0.563591922,0.413181828,4,4,4
0.540721875,0.392892607,99,1,4,4,0.534857079,0.387159671,4,4,4
0.512886143,0.367723509,100,1,4,4,0.507283237,0.362517717,4,4,4
0.48616458,0.343880534,101,1,4,4,0.480848344,0.339206989,4,4,4
0.460537912,0.321319891,102,1,4,4,0.45552831,0.317177744,4,4,4
0.435984819,0.299996714,103,1,4,4,0.431297336,0.296379822,4,4,4
0.41248222,0.279865394,104,1,4,4,0.408128204,0.276762973,4,4,4
0.390005541,0.260879886,105,1,4,4,0.385992545,0.258277129,4,4,4
0.368528968,0.242993978,106,1,4,4,0.364861082,0.240872646,4,4,4
0.348025663,0.226161535,107,1,4,4,0.344703847,0.22450052,4,4,4
0.328467979,0.210336716,108,1,4,4,0.325490379,0.209112565,4,4,4
0.309827641,0.195474163,109,1,4,4,0.307189897,0.194661567,4,4,4
0.292075925,0.181529172,110,1,4,4,0.289771463,0.181101417,4,4,4
0.275183806,0.168457831,111,1,4,4,0.273204116,0.168387214,4,4,4
0.259122099,0.156217152,112,1,4,4,0.257457004,0.156475354,4,4,4
0.243861588,0.144765173,113,1,4,4,0.242499487,0.145323601,4,4,4
0.22937314,0.134061052,114,1,4,4,0.228301238,0.134891138,4,4,4
0.215627798,0.124065132,115,1,4,4,0.214832328,0.125138606,4,4,4
0.202596881,0.114739007,116,1,4,4,0.202063298,0.116028129,4,4,4
0.190252056,0.106045568,117,1,4,4,0.189965226,0.107523329,4,4,4
0.178565412,0.097949032,118,1,4,4,0.178509777,0.099589331,4,4,4
0.167509516,0.09041497,119,1,4,4,0.167669253,0.092192755,4,4,4
0.157057475,0.08341032,120,1,4,4,0.15741663,0.085301707,4,4,4
0.147182969,0.07690339,121,1,4,4,0.147725589,0.078885759,4,4,4
0.137860302,0.070863861,122,1,4,4,0.138570544,0.072915924,4,4,4
0.129064426,0.065262771,123,1,4,4,0.129926658,0.067364627,4,4,4
0.120770969,0.060072505,124,1,4,4,0.121769863,0.062205671,4,4,4
0.112956259,0.055266774,125,1,4,4,0.114076863,0.0574142,4,4,4
0.105597339,0.050820591,126,1,4,4,0.106825146,0.052966663,4,4,4
0.098671977,0.046710239,127,1,4,4,0.099992985,0.048840765,4,4,4
0.092158679,0.042913243,128,1,4,4,0.093559434,0.045015432,4,4,4
0.086036687,0.039408335,129,1,4,4,0.087504329,0.041470762,4,4,4
0.080285986,0.036175415,130,1,4,4,0.081808274,0.03818798,4,4,4
0.074887301,0.033195518,131,1,4,4,0.076452642,0.035149396,4,4,4
0.069822091,0.030450766,132,1,4,4,0.071419554,0.032338353,4,4,4
0.065072545,0.027924336,133,1,4,4,0.066691874,0.029739189,4,4,4
0.060621569,0.025600412,134,1,4,4,0.062253192,0.027337186,4,4,4
0.056452782,0.023464147,135,1,4,4,0.058087806,0.02511853,4,4,4
0.052550499,0.02150162,136,1,4,4,0.05418071,0.023070261,4,4,4
0.048899719,0.019699792,137,1,4,4,0.050517573,0.021180241,4,4,4
0.045486112,0.018046471,138,1,4,4,0.047084722,0.019437099,4,4,4
0.042295998,0.016530262,139,1,4,4,0.043869123,0.017830204,4,4,4
0.039316338,0.015140534,140,1,4,4,0.040858361,0.016349614,4,4,4
0.036534711,0.01386738,141,1,4,4,0.038040623,0.014986046,4,4,4
0.033939297,0.012701574,142,1,4,4,0.035404674,0.013730835,4,4,4
0.031518862,0.011634537,143,1,4,4,0.032939838,0.012575902,4,4,4
0.029262733,0.010658302,144,1,4,4,0.030635981,0.011513717,4,4,4
0.027160787,0.009765473,145,1,4,4,0.028483486,0.010537269,4,4,4
0.025203422,0.0089492,146,1,4,4,0.026473237,0.009640033,4,4,4
0.023381549,0.008203138,147,1,4,4,0.024596599,0.008815944,4,4,4
0.021686564,0.007521419,148,1,4,4,0.022845396,0.008059363,4,4,4
0.020110331,0.006898623,149,1,4,4,0.021211892,0.007365054,4,4,4
0.018645167,0.006329749,150,1,4,4,0.019688775,0.006728159,4,4,4
0.017283819,0.005810185,151,1,4,4,0.018269137,0.006144173,4,4,4
0.016019445,0.005335686,152,1,4,4,0.016946455,0.005608917,4,4,4
0.014845602,0.004902343,153,1,4,4,0.015714573,0.005118525,4,4,4
0.013756221,0.004506568,154,1,4,4,0.014567688,0.004669414,4,4,4
0.012745592,0.004145064,155,1,4,4,0.013500331,0.00425827,4,4,4
0.011808349,0.003814807,156,1,4,4,0.012507349,0.003882032,4,4,4
0.010939452,0.003513029,157,1,4,4,0.011583894,0.003537866,4,4,4
0.010134171,0.003237192,158,1,4,4,0.010725405,0.003223158,4,4,4
0.009388069,0.002984978,159,1,4,4,0.009927593,0.002935495,4,4,4
0.00869699,0.002754268,160,1,4,4,0.009186427,0.00267265,4,4,4
0.00805704,0.002543127,161,1,4,4,0.008498123,0.002432569,4,4,4
0.00746458,0.002349792,162,1,4,4,0.007859129,0.002213359,4,4,4
0.006916202,0.002172655,163,1,4,4,0.007266112,0.002013279,4,4,4
0.006408727,0.002010253,164,1,4,4,0.006715948,0.001830722,4,4,4
0.005939185,0.001861252,165,1,4,4,0.006205706,0.001664212,4,4,4
0.005504803,0.001724444,166,1,4,4,0.005732645,0.001512391,4,4,4
0.005103001,0.001598728,167,1,4,4,0.005294197,0.00137401,4,4,4
0.004731371,0.001483107,168,1,4,4,0.004887957,0.001247921,4,4,4
0.004387673,0.001376673,169,1,4,4,0.004511679,0.001133072,4,4,4
0.004069823,0.001278608,170,1,4,4,0.00416326,0.001028494,4,4,4
0.003775883,0.001188166,171,1,4,4,0.003840738,0.0009333,4,4,4
0.003504052,0.001104673,172,1,4,4,0.003542278,0.000846676,4,4,4
0.00325266,0.001027521,173,1,4,4,0.003266168,0.000767875,4,4,4
0.003020154,0.000956156,174,1,4,4,0.003010811,0.000696213,4,4,4
0.002805097,0.000890079,175,1,4,4,0.002774715,0.000631064,4,4,4
0.002606155,0.000828838,176,1,4,4,0.002556492,0.000571855,4,4,4
0.002422094,0.000772025,177,1,4,4,0.002354847,0.000518059,4,4,4
0.002251769,0.000719269,178,1,4,4,0.002168573,0.000469197,4,4,4
0.002094124,0.000670237,179,1,4,4,0.001996547,0.00042483,4,4,4
0.001948181,0.000624625,180,1,4,4,0.001837724,0.000384556,4,4,4
0.001813036,0.00058216,181,1,4,4,0.00169113,0.000348008,4,4,4
0.001687853,0.000542594,182,1,4,4,0.001555861,0.000314851,4,4,4
0.001571863,0.000505701,183,1,4,4,0.001431075,0.000284779,4,4,4
0.001464354,0.000471278,184,1,4,4,0.001315991,0.000257513,4,4,4
0.00136467,0.000439139,185,1,4,4,0.001209883,0.000232797,4,4,4
0.001272205,0.000409117,186,1,4,4,0.001112076,0.0002104,4,4,4
0.001186403,0.000381057,187,1,4,4,0.001021943,0.00019011,4,4,4
0.001106749,0.000354822,188,1,4,4,0.000938905,0.000171733,4,4,4
0.00103277,0.000330283,189,1,4,4,0.000862422,0.000155094,4,4,4
0.000964031,0.000307325,190,1,4,4,0.000791994,0.000140032,4,4,4
0.00090013,0.00028584,191,1,4,4,0.000727158,0.000126401,4,4,4
0.000840699,0.000265732,192,1,4,4,0.000667484,0.000114069,4,4,4
0.000785397,0.00024691,193,1,4,4,0.000612576,0.000102915,4,4,4
0.000733913,0.000229293,194,1,4,4,0.000562064,9.28E-05,4,4,4
0.000685958,0.000212803,195,1,4,4,0.000515608,8.37E-05,4,4,4
0.00064127,0.000197371,196,1,4,4,0.000472892,7.55E-05,4,4,4
0.000599604,0.000182932,197,1,4,4,0.000433625,6.80E-05,4,4,4
0.000560737,0.000169424,198,1,4,4,0.000397535,6.13E-05,4,4,4
0.000524464,0.000156791,199,1,4,4,0.000364374,5.52E-05,4,4,4
0.000490595,0.000144982,200,1,4,4,0.000333912,4.97E-05,4,4,4
0.000458956,0.000133946,201,1,4,4,0.000305934,4.48E-05,4,4,4
0.000429387,0.000123639,202,1,4,4,0.000280244,4.03E-05,4,4,4
0.000401741,0.000114016,203,1,4,4,0.000256659,3.63E-05,4,4,4
0.000375882,0.000105038,204,1,4,4,0.000235013,3.27E-05,4,4,4
0.000351684,9.67E-05,205,1,4,4,0.00021515,2.94E-05,4,4,4
0.000329034,8.89E-05,206,1,4,4,0.000196928,2.64E-05,4,4,4
0.000307824,8.16E-05,207,1,4,4,0.000180213,2.38E-05,4,4,4
0.000287956,7.48E-05,208,1,4,4,0.000164886,2.14E-05,4,4,4
0.00026934,6.86E-05,209,1,4,4,0.000150833,1.92E-05,4,4,4
0.000251893,6.27E-05,210,1,4,4,0.000137951,1.72E-05,4,4,4
0.000235537,5.73E-05,211,1,4,4,0.000126146,1.55E-05,4,4,4
0.000220201,5.23E-05,212,1,4,4,0.000115329,1.39E-05,4,4,4
0.000205818,4.76E-05,213,1,4,4,0.00010542,1.25E-05,4,4,4
0.000192328,4.33E-05,214,1,4,4,9.63E-05,1.12E-05,4,4,4
0.000179674,3.93E-05,215,1,4,4,8.80E-05,1.01E-05,4,4,4
0.000167803,3.57E-05,216,1,4,4,8.04E-05,9.03E-06,4,4,4
0.000156666,3.23E-05,217,1,4,4,7.35E-05,8.10E-06,4,4,4
0.000146217,2.91E-05,218,1,4,4,6.71E-05,7.26E-06,4,4,4
0.000136415,2.63E-05,219,1,4,4,6.13E-05,6.51E-06,4,4,4
0.000127219,2.36E-05,220,1,4,4,5.59E-05,5.84E-06,4,4,4
0.000118593,2.12E-05,221,1,4,4,5.10E-05,5.23E-06,4,4,4
0.000110503,1.90E-05,222,1,4,4,4.66E-05,4.68E-06,4,4,4
0.000102915,1.70E-05,223,1,4,4,4.25E-05,4.20E-06,4,4,4
9.58E-05,1.51E-05,224,1,4,4,3.88E-05,3.76E-06,4,4,4
8.91E-05,1.34E-05,225,1,4,4,3.54E-05,3.36E-06,4,4,4
8.29E-05,1.19E-05,226,1,4,4,3.22E-05,3.01E-06,4,4,4
7.70E-05,1.05E-05,227,1,4,4,2.94E-05,2.69E-06,4,4,4
7.15E-05,9.18E-06,228,1,4,4,2.68E-05,2.41E-06,4,4,4
6.64E-05,8.03E-06,229,1,4,4,2.44E-05,2.15E-06,4,4,4
6.16E-05,6.98E-06,230,1,4,4,2.23E-05,1.92E-06,4,4,4
5.71E-05,6.04E-06,231,1,4,4,2.03E-05,1.72E-06,4,4,4
5.29E-05,5.20E-06,232,1,4,4,1.85E-05,1.53E-06,4,4,4
4.90E-05,4.43E-06,233,1,4,4,1.68E-05,1.37E-06,4,4,4
4.53E-05,3.75E-06,234,1,4,4,1.53E-05,1.22E-06,4,4,4
4.19E-05,3.14E-06,235,1,4,4,1.39E-05,1.09E-06,4,4,4
3.86E-05,2.60E-06,236,1,4,4,1.27E-05,9.74E-07,4,4,4
3.57E-05,2.12E-06,237,1,4,4,1.16E-05,8.68E-07,4,4,4
3.29E-05,1.69E-06,238,1,4,4,1.05E-05,7.74E-07,4,4,4
3.03E-05,1.32E-06,239,1,4,4,9.57E-06,6.89E-07,4,4,4
2.79E-05,9.90E-07,240,1,4,4,8.70E-06,6.14E-07,4,4,4
2.56E-05,7.02E-07,241,1,4,4,7.92E-06,5.47E-07,4,4,4
2.35E-05,4.51E-07,242,1,4,4,7.20E-06,4.87E-07,4,4,4
2.16E-05,2.34E-07,243,1,4,4,6.54E-06,4.33E-07,4,4,4
1.98E-05,4.85E-08,244,1,4,4,5.95E-06,3.85E-07,4,4,4
1.81E-05,-1.10E-07,245,1,4,4,5.41E-06,3.42E-07,4,4,4
1.65E-05,-2.44E-07,246,1,4,4,4.91E-06,3.04E-07,4,4,4
1.51E-05,-3.56E-07,247,1,4,4,4.46E-06,2.70E-07,4,4,4
1.37E-05,-4.48E-07,248,1,4,4,4.05E-06,2.39E-07,4,4,4
1.25E-05,-5.23E-07,249,1,4,4,3.68E-06,2.12E-07,4,4,4
1.14E-05,-5.82E-07,250,1,4,4,3.34E-06,1.88E-07,4,4,4
1.03E-05,-6.28E-07,251,1,4,4,3.03E-06,1.67E-07,4,4,4
9.35E-06,-6.62E-07,252,1,4,4,2.75E-06,1.48E-07,4,4,4
8.45E-06,-6.86E-07,253,1,4,4,2.50E-06,1.31E-07,4,4,4
7.63E-06,-7.01E-07,254,1,4,4,2.27E-06,1.15E-07,4,4,4
6.87E-06,-7.07E-07,255,1,4,4,2.06E-06,1.02E-07,4,4,4
6.18E-06,-7.08E-07,256,1,4,4,1.87E-06,9.00E-08,4,4,4
5.54E-06,-7.02E-07,257,1,4,4,1.69E-06,7.94E-08,4,4,4
4.95E-06,-6.92E-07,258,1,4,4,1.53E-06,7.00E-08,4,4,4
4.42E-06,-6.78E-07,259,1,4,4,1.39E-06,6.16E-08,4,4,4
3.93E-06,-6.60E-07,260,1,4,4,1.26E-06,5.42E-08,4,4,4
3.48E-06,-6.40E-07,261,1,4,4,1.14E-06,4.77E-08,4,4,4
3.08E-06,-6.18E-07,262,1,4,4,1.03E-06,4.18E-08,4,4,4
2.71E-06,-5.94E-07,263,1,4,4,9.36E-07,3.67E-08,4,4,4
2.37E-06,-5.69E-07,264,1,4,4,8.47E-07,3.21E-08,4,4,4
2.07E-06,-5.43E-07,265,1,4,4,7.67E-07,2.81E-08,4,4,4
1.79E-06,-5.17E-07,266,1,4,4,6.94E-07,2.46E-08,4,4,4
1.54E-06,-4.91E-07,267,1,4,4,6.28E-07,2.14E-08,4,4,4
1.32E-06,-4.64E-07,268,1,4,4,5.68E-07,1.87E-08,4,4,4
1.12E-06,-4.38E-07,269,1,4,4,5.13E-07,1.62E-08,4,4,4
9.35E-07,-4.13E-07,270,1,4,4,4.64E-07,1.41E-08,4,4,4
7.73E-07,-3.88E-07,271,1,4,4,4.20E-07,1.22E-08,4,4,4
6.28E-07,-3.64E-07,272,1,4,4,3.79E-07,1.05E-08,4,4,4
4.99E-07,-3.40E-07,273,1,4,4,3.42E-07,9.06E-09,4,4,4
3.85E-07,-3.18E-07,274,1,4,4,3.09E-07,7.78E-09,4,4,4
2.83E-07,-2.96E-07,275,1,4,4,2.79E-07,6.66E-09,4,4,4
1.94E-07,-2.76E-07,276,1,4,4,2.52E-07,5.68E-09,4,4,4
1.16E-07,-2.56E-07,277,1,4,4,2.27E-07,4.83E-09,4,4,4
4.84E-08,-2.37E-07,278,1,4,4,2.05E-07,4.08E-09,4,4,4
-1.06E-08,-2.20E-07,279,1,4,4,1.85E-07,3.44E-09,4,4,4
-6.15E-08,-2.03E-07,280,1,4,4,1.67E-07,2.87E-09,4,4,4
-1.05E-07,-1.87E-07,281,1,4,4,1.50E-07,2.39E-09,4,4,4
-1.42E-07,-1.72E-07,282,1,4,4,1.35E-07,1.96E-09,4,4,4
-1.73E-07,-1.59E-07,283,1,4,4,1.22E-07,1.60E-09,4,4,4
-1.98E-07,-1.46E-07,284,1,4,4,1.10E-07,1.28E-09,4,4,4
-2.19E-07,-1.34E-07,285,1,4,4,9.87E-08,1.02E-09,4,4,4
-2.36E-07,-1.23E-07,286,1,4,4,8.88E-08,7.85E-10,4,4,4
-2.49E-07,-1.12E-07,287,1,4,4,7.98E-08,5.88E-10,4,4,4
-2.58E-07,-1.03E-07,288,1,4,4,7.17E-08,4.21E-10,4,4,4
-2.65E-07,-9.37E-08,289,1,4,4,6.44E-08,2.81E-10,4,4,4
-2.69E-07,-8.55E-08,290,1,4,4,5.79E-08,1.62E-10,4,4,4
-2.70E-07,-7.79E-08,291,1,4,4,5.19E-08,6.34E-11,4,4,4
-2.70E-07,-7.10E-08,292,1,4,4,4.66E-08,-1.85E-11,4,4,4
-2.68E-07,-6.46E-08,293,1,4,4,4.18E-08,-8.57E-11,4,4,4
-2.65E-07,-5.88E-08,294,1,4,4,3.74E-08,-1.40E-10,4,4,4
-2.61E-07,-5.34E-08,295,1,4,4,3.35E-08,-1.84E-10,4,4,4
-2.55E-07,-4.86E-08,296,1,4,4,3.00E-08,-2.18E-10,4,4,4
-2.49E-07,-4.41E-08,297,1,4,4,2.68E-08,-2.45E-10,4,4,4
-2.42E-07,-4.01E-08,298,1,4,4,2.40E-08,-2.64E-10,4,4,4
-2.34E-07,-3.64E-08,299,1,4,4,2.14E-08,-2.78E-10,4,4,4
-2.26E-07,-3.31E-08,300,1,4,4,1.91E-08,-2.87E-10,4,4,4
-2.18E-07,-3.01E-08,301,1,4,4,1.71E-08,-2.92E-10,4,4,4
-2.09E-07,-2.73E-08,302,1,4,4,1.52E-08,-2.93E-10,4,4,4
-2.01E-07,-2.49E-08,303,1,4,4,1.35E-08,-2.92E-10,4,4,4
-1.92E-07,-2.26E-08,304,1,4,4,1.20E-08,-2.88E-10,4,4,4
-1.83E-07,-2.06E-08,305,1,4,4,1.07E-08,-2.83E-10,4,4,4
-1.75E-07,-1.88E-08,306,1,4,4,9.50E-09,-2.76E-10,4,4,4
-1.66E-07,-1.72E-08,307,1,4,4,8.42E-09,-2.68E-10,4,4,4
-1.58E-07,-1.57E-08,308,1,4,4,7.46E-09,-2.59E-10,4,4,4
-1.50E-07,-1.44E-08,309,1,4,4,6.60E-09,-2.49E-10,4,4,4
-1.42E-07,-1.33E-08,310,1,4,4,5.84E-09,-2.39E-10,4,4,4
-1.34E-07,-1.22E-08,311,1,4,4,5.15E-09,-2.29E-10,4,4,4
-1.27E-07,-1.13E-08,312,1,4,4,4.54E-09,-2.18E-10,4,4,4
-1.19E-07,-1.04E-08,313,1,4,4,3.99E-09,-2.07E-10,4,4,4
-1.12E-07,-9.66E-09,314,1,4,4,3.50E-09,-1.97E-10,4,4,4
-1.06E-07,-8.98E-09,315,1,4,4,3.07E-09,-1.87E-10,4,4,4
-9.93E-08,-8.37E-09,316,1,4,4,2.68E-09,-1.76E-10,4,4,4
-9.33E-08,-7.82E-09,317,1,4,4,2.34E-09,-1.66E-10,4,4,4
-8.75E-08,-7.32E-09,318,1,4,4,2.04E-09,-1.57E-10,4,4,4
-8.19E-08,-6.88E-09,319,1,4,4,1.77E-09,-1.48E-10,4,4,4
-7.67E-08,-6.47E-09,320,1,4,4,1.53E-09,-1.39E-10,4,4,4
-7.18E-08,-6.11E-09,321,1,4,4,1.31E-09,-1.30E-10,4,4,4
-6.71E-08,-5.77E-09,322,1,4,4,1.13E-09,-1.22E-10,4,4,4
-6.26E-08,-5.47E-09,323,1,4,4,9.63E-10,-1.14E-10,4,4,4
-5.84E-08,-5.19E-09,324,1,4,4,8.17E-10,-1.07E-10,4,4,4
-5.45E-08,-4.94E-09,325,1,4,4,6.89E-10,-9.99E-11,4,4,4
-5.08E-08,-4.70E-09,326,1,4,4,5.77E-10,-9.32E-11,4,4,4
-4.73E-08,-4.49E-09,327,1,4,4,4.79E-10,-8.69E-11,4,4,4
-4.41E-08,-4.28E-09,328,1,4,4,3.93E-10,-8.10E-11,4,4,4
-4.10E-08,-4.09E-09,329,1,4,4,3.18E-10,-7.54E-11,4,4,4
-3.82E-08,-3.91E-09,330,1,4,4,2.53E-10,-7.02E-11,4,4,4
-3.55E-08,-3.75E-09,331,1,4,4,1.96E-10,-6.53E-11,4,4,4
-3.30E-08,-3.59E-09,332,1,4,4,1.47E-10,-6.06E-11,4,4,4
-3.07E-08,-3.44E-09,333,1,4,4,1.05E-10,-5.63E-11,4,4,4
-2.85E-08,-3.29E-09,334,1,4,4,6.87E-11,-5.22E-11,4,4,4
-2.65E-08,-3.15E-09,335,1,4,4,3.78E-11,-4.84E-11,4,4,4
-2.46E-08,-3.02E-09,336,1,4,4,1.17E-11,-4.49E-11,4,4,4
-2.28E-08,-2.89E-09,337,1,4,4,-1.04E-11,-4.16E-11,4,4,4
-2.12E-08,-2.77E-09,338,1,4,4,-2.89E-11,-3.85E-11,4,4,4
-1.97E-08,-2.65E-09,339,1,4,4,-4.42E-11,-3.56E-11,4,4,4
-1.83E-08,-2.53E-09,340,1,4,4,-5.68E-11,-3.29E-11,4,4,4
-1.70E-08,-2.42E-09,341,1,4,4,-6.70E-11,-3.04E-11,4,4,4
-1.58E-08,-2.31E-09,342,1,4,4,-7.51E-11,-2.81E-11,4,4,4
-1.47E-08,-2.21E-09,343,1,4,4,-8.14E-11,-2.60E-11,4,4,4
-1.37E-08,-2.10E-09,344,1,4,4,-8.61E-11,-2.40E-11,4,4,4
-1.27E-08,-2.01E-09,345,1,4,4,-8.95E-11,-2.21E-11,4,4,4
-1.19E-08,-1.91E-09,346,1,4,4,-9.18E-11,-2.04E-11,4,4,4
-1.11E-08,-1.82E-09,347,1,4,4,-9.30E-11,-1.88E-11,4,4,4
-1.03E-08,-1.73E-09,348,1,4,4,-9.34E-11,-1.73E-11,4,4,4
-9.61E-09,-1.64E-09,349,1,4,4,-9.30E-11,-1.60E-11,4,4,4
-8.97E-09,-1.56E-09,350,1,4,4,-9.21E-11,-1.47E-11,4,4,4
-8.38E-09,-1.47E-09,351,1,4,4,-9.06E-11,-1.35E-11,4,4,4
-7.83E-09,-1.40E-09,352,1,4,4,-8.88E-11,-1.24E-11,4,4,4
-7.32E-09,-1.32E-09,353,1,4,4,-8.66E-11,-1.14E-11,4,4,4
-6.86E-09,-1.25E-09,354,1,4,4,-8.41E-11,-1.05E-11,4,4,4
-6.42E-09,-1.18E-09,355,1,4,4,-8.15E-11,-9.67E-12,4,4,4
-6.02E-09,-1.11E-09,356,1,4,4,-7.87E-11,-8.88E-12,4,4,4
-5.65E-09,-1.04E-09,357,1,4,4,-7.58E-11,-8.16E-12,4,4,4
-5.31E-09,-9.81E-10,358,1,4,4,-7.28E-11,-7.50E-12,4,4,4
-4.99E-09,-9.22E-10,359,1,4,4,-6.98E-11,-6.88E-12,4,4,4
-4.70E-09,-8.65E-10,360,1,4,4,-6.68E-11,-6.32E-12,4,4,4
-4.42E-09,-8.10E-10,361,1,4,4,-6.38E-11,-5.80E-12,4,4,4
-4.17E-09,-7.59E-10,362,1,4,4,-6.08E-11,-5.32E-12,4,4,4
-3.93E-09,-7.09E-10,363,1,4,4,-5.79E-11,-4.88E-12,4,4,4
-3.71E-09,-6.62E-10,364,1,4,4,-5.50E-11,-4.47E-12,4,4,4
-3.51E-09,-6.18E-10,365,1,4,4,-5.22E-11,-4.10E-12,4,4,4
-3.32E-09,-5.76E-10,366,1,4,4,-4.95E-11,-3.76E-12,4,4,4
-3.14E-09,-5.35E-10,367,1,4,4,-4.68E-11,-3.45E-12,4,4,4
-2.97E-09,-4.98E-10,368,1,4,4,-4.42E-11,-3.17E-12,4,4,4
-2.82E-09,-4.62E-10,369,1,4,4,-4.17E-11,-2.91E-12,4,4,4
-2.67E-09,-4.28E-10,370,1,4,4,-3.94E-11,-2.66E-12,4,4,4
-2.53E-09,-3.96E-10,371,1,4,4,-3.71E-11,-2.44E-12,4,4,4
-2.40E-09,-3.66E-10,372,1,4,4,-3.50E-11,-2.24E-12,4,4,4
-2.28E-09,-3.38E-10,373,1,4,4,-3.29E-11,-2.05E-12,4,4,4
-2.17E-09,-3.12E-10,374,1,4,4,-3.09E-11,-1.88E-12,4,4,4
-2.06E-09,-2.87E-10,375,1,4,4,-2.91E-11,-1.73E-12,4,4,4
-1.95E-09,-2.64E-10,376,1,4,4,-2.73E-11,-1.58E-12,4,4,4
-1.86E-09,-2.42E-10,377,1,4,4,-2.57E-11,-1.45E-12,4,4,4
-1.77E-09,-2.22E-10,378,1,4,4,-2.41E-11,-1.32E-12,4,4,4
-1.68E-09,-2.03E-10,379,1,4,4,-2.26E-11,-1.21E-12,4,4,4
-1.60E-09,-1.86E-10,380,1,4,4,-2.12E-11,-1.11E-12,4,4,4
-1.52E-09,-1.70E-10,381,1,4,4,-1.99E-11,-1.02E-12,4,4,4
-1.44E-09,-1.54E-10,382,1,4,4,-1.86E-11,-9.31E-13,4,4,4
-1.37E-09,-1.40E-10,383,1,4,4,-1.75E-11,-8.50E-13,4,4,4
-1.30E-09,-1.28E-10,384,1,4,4,-1.63E-11,-7.76E-13,4,4,4
-1.24E-09,-1.16E-10,385,1,4,4,-1.53E-11,-7.07E-13,4,4,4
-1.18E-09,-1.05E-10,386,1,4,4,-1.43E-11,-6.45E-13,4,4,4
-1.12E-09,-9.45E-11,387,1,4,4,-1.33E-11,-5.88E-13,4,4,4
-1.06E-09,-8.52E-11,388,1,4,4,-1.25E-11,-5.36E-13,4,4,4
-1.01E-09,-7.67E-11,389,1,4,4,-1.16E-11,-4.88E-13,4,4,4
-9.59E-10,-6.88E-11,390,1,4,4,-1.08E-11,-4.42E-13,4,4,4
-9.11E-10,-6.17E-11,391,1,4,4,-1.01E-11,-3.99E-13,4,4,4
-8.64E-10,-5.51E-11,392,1,4,4,-9.32E-12,-3.57E-13,4,4,4
-8.20E-10,-4.91E-11,393,1,4,4,-8.63E-12,-3.19E-13,4,4,4
-7.77E-10,-4.37E-11,394,1,4,4,-7.98E-12,-2.83E-13,4,4,4
-7.37E-10,-3.88E-11,395,1,4,4,-7.36E-12,-2.51E-13,4,4,4
-6.98E-10,-3.43E-11,396,1,4,4,-6.79E-12,-2.21E-13,4,4,4
-6.61E-10,-3.02E-11,397,1,4,4,-6.27E-12,-1.96E-13,4,4,4
-6.25E-10,-2.66E-11,398,1,4,4,-5.79E-12,-1.74E-13,4,4,4
-5.92E-10,-2.33E-11,399,1,4,4,-5.36E-12,-1.56E-13,4,4,4
-5.59E-10,-2.03E-11,400,1,4,4,-4.97E-12,-1.42E-13,4,4,4
-5.29E-10,-1.77E-11,401,1,4,4,-4.59E-12,-1.27E-13,4,4,4
-4.99E-10,-1.53E-11,402,1,4,4,-4.23E-12,-1.13E-13,4,4,4
-4.71E-10,-1.32E-11,403,1,4,4,-3.88E-12,-9.95E-14,4,4,4
-4.44E-10,-1.13E-11,404,1,4,4,-3.55E-12,-8.67E-14,4,4,4
-4.19E-10,-9.59E-12,405,1,4,4,-3.24E-12,-7.48E-14,4,4,4
-3.95E-10,-8.12E-12,406,1,4,4,-2.96E-12,-6.39E-14,4,4,4
-3.72E-10,-6.82E-12,407,1,4,4,-2.69E-12,-5.43E-14,4,4,4
-3.50E-10,-5.67E-12,408,1,4,4,-2.45E-12,-4.62E-14,4,4,4
-3.29E-10,-4.67E-12,409,1,4,4,-2.24E-12,-3.96E-14,4,4,4
-3.09E-10,-3.80E-12,410,1,4,4,-2.06E-12,-3.49E-14,4,4,4
-2.90E-10,-3.04E-12,411,1,4,4,-1.90E-12,-3.13E-14,4,4,4
-2.72E-10,-2.39E-12,412,1,4,4,-1.74E-12,-2.79E-14,4,4,4
-2.55E-10,-1.83E-12,413,1,4,4,-1.59E-12,-2.45E-14,4,4,4
-2.39E-10,-1.35E-12,414,1,4,4,-1.45E-12,-2.14E-14,4,4,4
-2.24E-10,-9.51E-13,415,1,4,4,-1.32E-12,-1.84E-14,4,4,4
-2.10E-10,-6.10E-13,416,1,4,4,-1.19E-12,-1.57E-14,4,4,4
-1.96E-10,-3.25E-13,417,1,4,4,-1.07E-12,-1.32E-14,4,4,4
-1.83E-10,-9.16E-14,418,1,4,4,-9.68E-13,-1.11E-14,4,4,4
-1.71E-10,9.78E-14,419,1,4,4,-8.74E-13,-9.26E-15,4,4,4
-1.60E-10,2.49E-13,420,1,4,4,-7.93E-13,-7.83E-15,4,4,4
-1.49E-10,3.68E-13,421,1,4,4,-7.25E-13,-6.82E-15,4,4,4
-1.39E-10,4.59E-13,422,1,4,4,-6.70E-13,-6.37E-15,4,4,4
-1.29E-10,5.25E-13,423,1,4,4,-6.25E-13,-6.60E-15,4,4,4
-1.20E-10,5.69E-13,424,1,4,4,-5.90E-13,-7.43E-15,4,4,4
-1.12E-10,5.95E-13,425,1,4,4,-5.62E-13,-8.75E-15,4,4,4
-1.04E-10,6.05E-13,426,1,4,4,-5.41E-13,-1.05E-14,4,4,4
-9.64E-11,6.03E-13,427,1,4,4,-5.27E-13,-1.25E-14,4,4,4
-8.94E-11,5.91E-13,428,1,4,4,-5.18E-13,-1.48E-14,4,4,4
-8.28E-11,5.70E-13,429,1,4,4,-5.13E-13,-1.73E-14,4,4,4
-7.67E-11,5.40E-13,430,1,4,4,-5.12E-13,-1.98E-14,4,4,4
-7.09E-11,5.05E-13,431,1,4,4,-5.13E-13,-2.23E-14,4,4,4
-6.56E-11,4.66E-13,432,1,4,4,-5.16E-13,-2.47E-14,4,4,4
-6.06E-11,4.25E-13,433,1,4,4,-5.18E-13,-2.69E-14,4,4,4
-5.59E-11,3.84E-13,434,1,4,4,-5.21E-13,-2.87E-14,4,4,4
-5.15E-11,3.44E-13,435,1,4,4,-5.22E-13,-3.03E-14,4,4,4
-4.74E-11,3.02E-13,436,1,4,4,-5.20E-13,-3.13E-14,4,4,4
-4.36E-11,2.60E-13,437,1,4,4,-5.15E-13,-3.18E-14,4,4,4
-4.01E-11,2.18E-13,438,1,4,4,-5.06E-13,-3.17E-14,4,4,4
-3.68E-11,1.79E-13,439,1,4,4,-4.91E-13,-3.09E-14,4,4,4
-3.37E-11,1.42E-13,440,1,4,4,-4.70E-13,-2.92E-14,4,4,4
-3.09E-11,1.10E-13,441,1,4,4,-4.44E-13,-2.69E-14,4,4,4
-2.83E-11,8.23E-14,442,1,4,4,-4.23E-13,-2.48E-14,4,4,4
-2.58E-11,5.54E-14,443,1,4,4,-4.07E-13,-2.31E-14,4,4,4
-2.36E-11,3.00E-14,444,1,4,4,-3.97E-13,-2.18E-14,4,4,4
-2.15E-11,6.43E-15,445,1,4,4,-3.90E-13,-2.08E-14,4,4,4
-1.96E-11,-1.48E-14,446,1,4,4,-3.87E-13,-2.00E-14,4,4,4
-1.78E-11,-3.34E-14,447,1,4,4,-3.88E-13,-1.94E-14,4,4,4
-1.62E-11,-4.88E-14,448,1,4,4,-3.90E-13,-1.90E-14,4,4,4
-1.47E-11,-5.91E-14,449,1,4,4,-3.94E-13,-1.87E-14,4,4,4
-1.33E-11,-6.27E-14,450,1,4,4,-3.99E-13,-1.86E-14,4,4,4
-1.20E-11,-6.08E-14,451,1,4,4,-4.04E-13,-1.85E-14,4,4,4
-1.08E-11,-5.46E-14,452,1,4,4,-4.09E-13,-1.85E-14,4,4,4
-9.68E-12,-4.53E-14,453,1,4,4,-4.12E-13,-1.84E-14,4,4,4
-8.65E-12,-3.42E-14,454,1,4,4,-4.14E-13,-1.83E-14,4,4,4
-7.71E-12,-2.25E-14,455,1,4,4,-4.13E-13,-1.80E-14,4,4,4
-6.86E-12,-1.13E-14,456,1,4,4,-4.10E-13,-1.77E-14,4,4,4
-6.08E-12,-1.94E-15,457,1,4,4,-4.02E-13,-1.72E-14,4,4,4
-5.39E-12,4.40E-15,458,1,4,4,-3.90E-13,-1.65E-14,4,4,4
-4.77E-12,6.51E-15,459,1,4,4,-3.73E-13,-1.55E-14,4,4,4
-4.22E-12,3.16E-15,460,1,4,4,-3.50E-13,-1.43E-14,4,4,4
-3.72E-12,-1.90E-15,461,1,4,4,-3.26E-13,-1.28E-14,4,4,4
-3.25E-12,-7.80E-16,462,1,4,4,-3.03E-13,-1.13E-14,4,4,4
-2.81E-12,5.46E-15,463,1,4,4,-2.80E-13,-9.70E-15,4,4,4
-2.39E-12,1.55E-14,464,1,4,4,-2.58E-13,-8.03E-15,4,4,4
-2.00E-12,2.82E-14,465,1,4,4,-2.37E-13,-6.34E-15,4,4,4
-1.64E-12,4.21E-14,466,1,4,4,-2.17E-13,-4.63E-15,4,4,4
-1.31E-12,5.61E-14,467,1,4,4,-1.98E-13,-2.95E-15,4,4,4
-1.01E-12,6.88E-14,468,1,4,4,-1.79E-13,-1.30E-15,4,4,4
-7.45E-13,7.90E-14,469,1,4,4,-1.62E-13,2.88E-16,4,4,4
-5.18E-13,8.54E-14,470,1,4,4,-1.45E-13,1.78E-15,4,4,4
-3.29E-13,8.67E-14,471,1,4,4,-1.29E-13,3.17E-15,4,4,4
-1.79E-13,8.17E-14,472,1,4,4,-1.15E-13,4.42E-15,4,4,4
-5.75E-14,7.17E-14,473,1,4,4,-1.01E-13,5.51E-15,4,4,4
6.37E-14,6.28E-14,474,1,4,4,-8.84E-14,6.42E-15,4,4,4
1.84E-13,5.51E-14,475,1,4,4,-7.68E-14,7.12E-15,4,4,4
3.01E-13,4.83E-14,476,1,4,4,-6.61E-14,7.58E-15,4,4,4
4.12E-13,4.24E-14,477,1,4,4,-5.66E-14,7.80E-15,4,4,4
5.16E-13,3.71E-14,478,1,4,4,-4.81E-14,7.73E-15,4,4,4
6.09E-13,3.23E-14,479,1,4,4,-4.08E-14,7.36E-15,4,4,4
6.91E-13,2.79E-14,480,1,4,4,-3.41E-14,6.81E-15,4,4,4
7.59E-13,2.37E-14,481,1,4,4,-2.75E-14,6.33E-15,4,4,4
8.11E-13,1.96E-14,482,1,4,4,-2.08E-14,5.93E-15,4,4,4
8.44E-13,1.53E-14,483,1,4,4,-1.40E-14,5.61E-15,4,4,4
8.56E-13,1.07E-14,484,1,4,4,-7.32E-15,5.36E-15,4,4,4
8.51E-13,5.18E-15,485,1,4,4,-6.02E-16,5.18E-15,4,4,4
8.43E-13,-2.88E-15,486,1,4,4,6.09E-15,5.06E-15,4,4,4
8.32E-13,-1.29E-14,487,1,4,4,1.27E-14,5.00E-15,4,4,4
8.20E-13,-2.41E-14,488,1,4,4,1.93E-14,5.00E-15,4,4,4
8.05E-13,-3.58E-14,489,1,4,4,2.58E-14,5.05E-15,4,4,4
7.87E-13,-4.72E-14,490,1,4,4,3.23E-14,5.15E-15,4,4,4
7.67E-13,-5.76E-14,491,1,4,4,3.86E-14,5.29E-15,4,4,4
7.44E-13,-6.64E-14,492,1,4,4,4.48E-14,5.47E-15,4,4,4
7.19E-13,-7.27E-14,493,1,4,4,5.09E-14,5.68E-15,4,4,4
6.90E-13,-7.59E-14,494,1,4,4,5.69E-14,5.93E-15,4,4,4
6.58E-13,-7.51E-14,495,1,4,4,6.27E-14,6.20E-15,4,4,4
6.23E-13,-6.98E-14,496,1,4,4,6.83E-14,6.50E-15,4,4,4
5.83E-13,-6.06E-14,497,1,4,4,7.37E-14,6.81E-15,4,4,4
5.37E-13,-5.36E-14,498,1,4,4,7.89E-14,7.14E-15,4,4,4
4.84E-13,-4.87E-14,499,1,4,4,8.39E-14,7.48E-15,4,4,4
4.26E-13,-4.57E-14,500,1,4,4,8.87E-14,7.83E-15,4,4,4
3.66E-13,-4.39E-14,501,1,4,4,9.32E-14,8.18E-15,4,4,4
3.05E-13,-4.30E-14,502,1,4,4,9.75E-14,8.52E-15,4,4,4
2.44E-13,-4.24E-14,503,1,4,4,1.01E-13,8.86E-15,4,4,4
1.85E-13,-4.17E-14,504,1,4,4,1.05E-13,9.20E-15,4,4,4
1.30E-13,-4.03E-14,505,1,4,4,1.08E-13,9.51E-15,4,4,4
8.05E-14,-3.78E-14,506,1,4,4,1.12E-13,9.81E-15,4,4,4
3.78E-14,-3.37E-14,507,1,4,4,1.14E-13,1.01E-14,4,4,4
3.88E-15,-2.75E-14,508,1,4,4,1.17E-13,1.03E-14,4,4,4
-2.22E-14,-1.91E-14,509,1,4,4,1.19E-13,1.06E-14,4,4,4
-5.23E-14,-1.01E-14,510,1,4,4,1.20E-13,1.07E-14,4,4,4
-8.68E-14,-8.48E-16,511,1,4,4,1.21E-13,1.09E-14,4,4,4
-1.24E-13,8.34E-15,512,1,4,4,1.22E-13,1.10E-14,4,4,4
-1.62E-13,1.73E-14,513,1,4,4,1.23E-13,1.10E-14,4,4,4
-2.00E-13,2.57E-14,514,1,4,4,1.22E-13,1.10E-14,4,4,4
-2.36E-13,3.34E-14,515,1,4,4,1.22E-13,1.10E-14,4,4,4
-2.68E-13,4.01E-14,516,1,4,4,1.21E-13,1.09E-14,4,4,4
-2.94E-13,4.57E-14,517,1,4,4,1.19E-13,1.07E-14,4,4,4
-3.13E-13,4.99E-14,518,1,4,4,1.17E-13,1.05E-14,4,4,4
-3.23E-13,5.24E-14,519,1,4,4,1.15E-13,1.02E-14,4,4,4
-3.23E-13,5.31E-14,520,1,4,4,1.12E-13,9.77E-15,4,4,4
-3.12E-13,5.21E-14,521,1,4,4,1.08E-13,9.30E-15,4,4,4
-3.01E-13,5.17E-14,522,1,4,4,1.04E-13,8.75E-15,4,4,4
-2.91E-13,5.24E-14,523,1,4,4,9.93E-14,8.11E-15,4,4,4
-2.82E-13,5.38E-14,524,1,4,4,9.43E-14,7.42E-15,4,4,4
-2.73E-13,5.56E-14,525,1,4,4,8.94E-14,6.75E-15,4,4,4
-2.65E-13,5.76E-14,526,1,4,4,8.47E-14,6.10E-15,4,4,4
-2.56E-13,5.94E-14,527,1,4,4,8.01E-14,5.48E-15,4,4,4
-2.46E-13,6.08E-14,528,1,4,4,7.57E-14,4.87E-15,4,4,4
-2.35E-13,6.14E-14,529,1,4,4,7.15E-14,4.30E-15,4,4,4
-2.23E-13,6.11E-14,530,1,4,4,6.75E-14,3.74E-15,4,4,4
-2.08E-13,5.95E-14,531,1,4,4,6.36E-14,3.21E-15,4,4,4
-1.91E-13,5.63E-14,532,1,4,4,5.98E-14,2.70E-15,4,4,4
-1.71E-13,5.14E-14,533,1,4,4,5.63E-14,2.21E-15,4,4,4
-1.51E-13,4.67E-14,534,1,4,4,5.28E-14,1.74E-15,4,4,4
-1.30E-13,4.26E-14,535,1,4,4,4.96E-14,1.29E-15,4,4,4
-1.10E-13,3.92E-14,536,1,4,4,4.64E-14,8.57E-16,4,4,4
-8.94E-14,3.63E-14,537,1,4,4,4.35E-14,4.48E-16,4,4,4
-6.92E-14,3.39E-14,538,1,4,4,4.06E-14,5.86E-17,4,4,4
-4.91E-14,3.19E-14,539,1,4,4,3.79E-14,-3.12E-16,4,4,4
-2.94E-14,3.03E-14,540,1,4,4,3.54E-14,-6.63E-16,4,4,4
-9.92E-15,2.90E-14,541,1,4,4,3.30E-14,-9.97E-16,4,4,4
9.18E-15,2.80E-14,542,1,4,4,3.07E-14,-1.31E-15,4,4,4
2.79E-14,2.72E-14,543,1,4,4,2.85E-14,-1.61E-15,4,4,4
4.61E-14,2.65E-14,544,1,4,4,2.65E-14,-1.89E-15,4,4,4
6.38E-14,2.59E-14,545,1,4,4,2.45E-14,-2.15E-15,4,4,4
8.10E-14,2.53E-14,546,1,4,4,2.27E-14,-2.40E-15,4,4,4
9.75E-14,2.47E-14,547,1,4,4,2.11E-14,-2.63E-15,4,4,4
1.13E-13,2.40E-14,548,1,4,4,1.95E-14,-2.84E-15,4,4,4
1.29E-13,2.31E-14,549,1,4,4,1.80E-14,-3.04E-15,4,4,4
1.43E-13,2.21E-14,550,1,4,4,1.67E-14,-3.22E-15,4,4,4
1.57E-13,2.07E-14,551,1,4,4,1.55E-14,-3.39E-15,4,4,4
1.69E-13,1.91E-14,552,1,4,4,1.43E-14,-3.54E-15,4,4,4
1.81E-13,1.70E-14,553,1,4,4,1.33E-14,-3.68E-15,4,4,4
1.92E-13,1.45E-14,554,1,4,4,1.24E-14,-3.81E-15,4,4,4
2.02E-13,1.16E-14,555,1,4,4,1.15E-14,-3.92E-15,4,4,4
2.10E-13,8.02E-15,556,1,4,4,1.08E-14,-4.02E-15,4,4,4
2.18E-13,4.03E-15,557,1,4,4,1.01E-14,-4.10E-15,4,4,4
2.27E-13,1.82E-16,558,1,4,4,9.56E-15,-4.17E-15,4,4,4
2.37E-13,-3.47E-15,559,1,4,4,9.08E-15,-4.23E-15,4,4,4
2.48E-13,-6.91E-15,560,1,4,4,8.68E-15,-4.28E-15,4,4,4
2.60E-13,-1.01E-14,561,1,4,4,8.35E-15,-4.32E-15,4,4,4
2.71E-13,-1.32E-14,562,1,4,4,8.11E-15,-4.35E-15,4,4,4
2.83E-13,-1.60E-14,563,1,4,4,7.93E-15,-4.36E-15,4,4,4
2.95E-13,-1.85E-14,564,1,4,4,7.83E-15,-4.37E-15,4,4,4
3.07E-13,-2.09E-14,565,1,4,4,7.79E-15,-4.36E-15,4,4,4
3.18E-13,-2.30E-14,566,1,4,4,7.82E-15,-4.35E-15,4,4,4
3.28E-13,-2.49E-14,567,1,4,4,7.92E-15,-4.32E-15,4,4,4
3.38E-13,-2.65E-14,568,1,4,4,8.07E-15,-4.29E-15,4,4,4
3.47E-13,-2.79E-14,569,1,4,4,8.28E-15,-4.25E-15,4,4,4
3.54E-13,-2.90E-14,570,1,4,4,8.54E-15,-4.20E-15,4,4,4
3.60E-13,-2.99E-14,571,1,4,4,8.85E-15,-4.14E-15,4,4,4
3.64E-13,-3.05E-14,572,1,4,4,9.22E-15,-4.07E-15,4,4,4
3.66E-13,-3.09E-14,573,1,4,4,9.63E-15,-4.00E-15,4,4,4
3.66E-13,-3.10E-14,574,1,4,4,1.01E-14,-3.92E-15,4,4,4
3.64E-13,-3.08E-14,575,1,4,4,1.06E-14,-3.83E-15,4,4,4
3.59E-13,-3.04E-14,576,1,4,4,1.11E-14,-3.74E-15,4,4,4
3.52E-13,-2.97E-14,577,1,4,4,1.17E-14,-3.64E-15,4,4,4
3.42E-13,-2.87E-14,578,1,4,4,1.23E-14,-3.54E-15,4,4,4
3.28E-13,-2.74E-14,579,1,4,4,1.29E-14,-3.43E-15,4,4,4
3.11E-13,-2.58E-14,580,1,4,4,1.35E-14,-3.32E-15,4,4,4
2.93E-13,-2.41E-14,581,1,4,4,1.42E-14,-3.20E-15,4,4,4
2.75E-13,-2.24E-14,582,1,4,4,1.49E-14,-3.08E-15,4,4,4
2.58E-13,-2.08E-14,583,1,4,4,1.56E-14,-2.95E-15,4,4,4
2.41E-13,-1.93E-14,584,1,4,4,1.64E-14,-2.82E-15,4,4,4
2.25E-13,-1.79E-14,585,1,4,4,1.71E-14,-2.69E-15,4,4,4
2.10E-13,-1.65E-14,586,1,4,4,1.79E-14,-2.55E-15,4,4,4
1.96E-13,-1.52E-14,587,1,4,4,1.86E-14,-2.41E-15,4,4,4
1.82E-13,-1.39E-14,588,1,4,4,1.94E-14,-2.27E-15,4,4,4
1.69E-13,-1.27E-14,589,1,4,4,2.02E-14,-2.13E-15,4,4,4
1.56E-13,-1.16E-14,590,1,4,4,2.09E-14,-1.99E-15,4,4,4
1.44E-13,-1.06E-14,591,1,4,4,2.17E-14,-1.85E-15,4,4,4
1.33E-13,-9.57E-15,592,1,4,4,2.24E-14,-1.70E-15,4,4,4
1.22E-13,-8.63E-15,593,1,4,4,2.32E-14,-1.56E-15,4,4,4
1.12E-13,-7.75E-15,594,1,4,4,2.39E-14,-1.41E-15,4,4,4
1.03E-13,-6.92E-15,595,1,4,4,2.46E-14,-1.27E-15,4,4,4
9.35E-14,-6.15E-15,596,1,4,4,2.53E-14,-1.13E-15,4,4,4
8.50E-14,-5.44E-15,597,1,4,4,2.60E-14,-9.84E-16,4,4,4
7.71E-14,-4.77E-15,598,1,4,4,2.67E-14,-8.44E-16,4,4,4
6.96E-14,-4.16E-15,599,1,4,4,2.73E-14,-7.05E-16,4,4,4
6.27E-14,-3.59E-15,600,1,4,4,2.79E-14,-5.68E-16,4,4,4
5.62E-14,-3.07E-15,601,1,4,4,2.85E-14,-4.35E-16,4,4,4
5.03E-14,-2.60E-15,602,1,4,4,2.90E-14,-3.04E-16,4,4,4
4.47E-14,-2.18E-15,603,1,4,4,2.95E-14,-1.76E-16,4,4,4
3.97E-14,-1.80E-15,604,1,4,4,3.00E-14,-5.16E-17,4,4,4
3.50E-14,-1.46E-15,605,1,4,4,3.04E-14,6.86E-17,4,4,4
3.08E-14,-1.16E-15,606,1,4,4,3.08E-14,1.84E-16,4,4,4
2.70E-14,-9.00E-16,607,1,4,4,3.11E-14,2.96E-16,4,4,4
2.36E-14,-6.80E-16,608,1,4,4,3.14E-14,4.02E-16,4,4,4
2.06E-14,-4.97E-16,609,1,4,4,3.16E-14,5.03E-16,4,4,4
1.79E-14,-3.49E-16,610,1,4,4,3.18E-14,5.98E-16,4,4,4
1.56E-14,-2.35E-16,611,1,4,4,3.19E-14,6.87E-16,4,4,4
1.37E-14,-1.55E-16,612,1,4,4,3.20E-14,7.70E-16,4,4,4
1.20E-14,-1.05E-16,613,1,4,4,3.19E-14,8.46E-16,4,4,4
1.07E-14,-8.62E-17,614,1,4,4,3.19E-14,9.15E-16,4,4,4
9.72E-15,-9.58E-17,615,1,4,4,3.17E-14,9.76E-16,4,4,4
9.02E-15,-1.33E-16,616,1,4,4,3.15E-14,1.03E-15,4,4,4
8.59E-15,-1.96E-16,617,1,4,4,3.12E-14,1.08E-15,4,4,4
8.43E-15,-2.83E-16,618,1,4,4,3.08E-14,1.11E-15,4,4,4
8.52E-15,-3.94E-16,619,1,4,4,3.03E-14,1.14E-15,4,4,4
8.85E-15,-5.27E-16,620,1,4,4,2.98E-14,1.16E-15,4,4,4
9.41E-15,-6.80E-16,621,1,4,4,2.92E-14,1.17E-15,4,4,4
1.02E-14,-8.52E-16,622,1,4,4,2.84E-14,1.17E-15,4,4,4
1.12E-14,-1.04E-15,623,1,4,4,2.76E-14,1.16E-15,4,4,4
1.23E-14,-1.25E-15,624,1,4,4,2.67E-14,1.14E-15,4,4,4
1.37E-14,-1.47E-15,625,1,4,4,2.57E-14,1.10E-15,4,4,4
1.52E-14,-1.71E-15,626,1,4,4,2.46E-14,1.06E-15,4,4,4
1.68E-14,-1.95E-15,627,1,4,4,2.34E-14,1.00E-15,4,4,4
1.86E-14,-2.21E-15,628,1,4,4,2.21E-14,9.37E-16,4,4,4
2.05E-14,-2.48E-15,629,1,4,4,2.07E-14,8.57E-16,4,4,4
2.25E-14,-2.76E-15,630,1,4,4,1.92E-14,7.75E-16,4,4,4
2.47E-14,-3.04E-15,631,1,4,4,1.78E-14,6.94E-16,4,4,4
2.69E-14,-3.33E-15,632,1,4,4,1.64E-14,6.14E-16,4,4,4
2.92E-14,-3.62E-15,633,1,4,4,1.51E-14,5.35E-16,4,4,4
3.15E-14,-3.91E-15,634,1,4,4,1.37E-14,4.57E-16,4,4,4
3.39E-14,-4.21E-15,635,1,4,4,1.24E-14,3.81E-16,4,4,4
3.63E-14,-4.51E-15,636,1,4,4,1.10E-14,3.05E-16,4,4,4
3.87E-14,-4.80E-15,637,1,4,4,9.73E-15,2.30E-16,4,4,4
4.12E-14,-5.10E-15,638,1,4,4,8.45E-15,1.57E-16,4,4,4
4.36E-14,-5.38E-15,639,1,4,4,7.18E-15,8.43E-17,4,4,4
4.60E-14,-5.67E-15,640,1,4,4,5.94E-15,1.27E-17,4,4,4
4.84E-14,-5.94E-15,641,1,4,4,4.71E-15,-5.78E-17,4,4,4
5.08E-14,-6.21E-15,642,1,4,4,3.50E-15,-1.27E-16,4,4,4
5.30E-14,-6.47E-15,643,1,4,4,2.31E-15,-1.96E-16,4,4,4
5.53E-14,-6.72E-15,644,1,4,4,1.13E-15,-2.63E-16,4,4,4
5.74E-14,-6.95E-15,645,1,4,4,-2.18E-17,-3.30E-16,4,4,4
5.94E-14,-7.17E-15,646,1,4,4,-1.16E-15,-3.95E-16,4,4,4
6.13E-14,-7.38E-15,647,1,4,4,-2.28E-15,-4.59E-16,4,4,4
6.31E-14,-7.57E-15,648,1,4,4,-3.38E-15,-5.23E-16,4,4,4
6.48E-14,-7.74E-15,649,1,4,4,-4.47E-15,-5.85E-16,4,4,4
6.63E-14,-7.89E-15,650,1,4,4,-5.54E-15,-6.47E-16,4,4,4
6.77E-14,-8.02E-15,651,1,4,4,-6.59E-15,-7.07E-16,4,4,4
6.89E-14,-8.13E-15,652,1,4,4,-7.62E-15,-7.67E-16,4,4,4
6.99E-14,-8.22E-15,653,1,4,4,-8.64E-15,-8.26E-16,4,4,4
7.07E-14,-8.28E-15,654,1,4,4,-9.64E-15,-8.83E-16,4,4,4
7.12E-14,-8.32E-15,655,1,4,4,-1.06E-14,-9.40E-16,4,4,4
7.16E-14,-8.33E-15,656,1,4,4,-1.16E-14,-9.96E-16,4,4,4
7.17E-14,-8.31E-15,657,1,4,4,-1.25E-14,-1.05E-15,4,4,4
7.16E-14,-8.26E-15,658,1,4,4,-1.35E-14,-1.10E-15,4,4,4
7.12E-14,-8.17E-15,659,1,4,4,-1.44E-14,-1.16E-15,4,4,4
7.05E-14,-8.06E-15,660,1,4,4,-1.53E-14,-1.21E-15,4,4,4
6.95E-14,-7.91E-15,661,1,4,4,-1.62E-14,-1.26E-15,4,4,4
6.82E-14,-7.72E-15,662,1,4,4,-1.70E-14,-1.31E-15,4,4,4
6.66E-14,-7.50E-15,663,1,4,4,-1.79E-14,-1.36E-15,4,4,4
6.47E-14,-7.24E-15,664,1,4,4,-1.87E-14,-1.41E-15,4,4,4
6.24E-14,-6.94E-15,665,1,4,4,-1.96E-14,-1.46E-15,4,4,4
5.98E-14,-6.60E-15,666,1,4,4,-2.04E-14,-1.50E-15,4,4,4
5.68E-14,-6.22E-15,667,1,4,4,-2.12E-14,-1.55E-15,4,4,4
5.34E-14,-5.79E-15,668,1,4,4,-2.19E-14,-1.59E-15,4,4,4
4.97E-14,-5.32E-15,669,1,4,4,-2.27E-14,-1.64E-15,4,4,4
4.55E-14,-4.81E-15,670,1,4,4,-2.34E-14,-1.68E-15,4,4,4
4.14E-14,-4.29E-15,671,1,4,4,-2.42E-14,-1.72E-15,4,4,4
3.73E-14,-3.79E-15,672,1,4,4,-2.49E-14,-1.76E-15,4,4,4
3.33E-14,-3.29E-15,673,1,4,4,-2.56E-14,-1.80E-15,4,4,4
2.94E-14,-2.81E-15,674,1,4,4,-2.63E-14,-1.84E-15,4,4,4
2.56E-14,-2.33E-15,675,1,4,4,-2.69E-14,-1.88E-15,4,4,4
2.18E-14,-1.87E-15,676,1,4,4,-2.76E-14,-1.92E-15,4,4,4
1.81E-14,-1.41E-15,677,1,4,4,-2.82E-14,-1.96E-15,4,4,4
1.45E-14,-9.59E-16,678,1,4,4,-2.88E-14,-2.00E-15,4,4,4
1.09E-14,-5.20E-16,679,1,4,4,-2.95E-14,-2.03E-15,4,4,4
7.40E-15,-9.01E-17,680,1,4,4,-3.01E-14,-2.07E-15,4,4,4
3.97E-15,3.31E-16,681,1,4,4,-3.06E-14,-2.10E-15,4,4,4
6.19E-16,7.43E-16,682,1,4,4,-3.12E-14,-2.13E-15,4,4,4
-2.67E-15,1.15E-15,683,1,4,4,-3.18E-14,-2.17E-15,4,4,4
-5.88E-15,1.54E-15,684,1,4,4,-3.23E-14,-2.20E-15,4,4,4
-9.03E-15,1.93E-15,685,1,4,4,-3.28E-14,-2.23E-15,4,4,4
-1.21E-14,2.31E-15,686,1,4,4,-3.33E-14,-2.26E-15,4,4,4
-1.51E-14,2.67E-15,687,1,4,4,-3.38E-14,-2.29E-15,4,4,4
-1.81E-14,3.03E-15,688,1,4,4,-3.43E-14,-2.32E-15,4,4,4
-2.10E-14,3.39E-15,689,1,4,4,-3.48E-14,-2.34E-15,4,4,4
-2.38E-14,3.73E-15,690,1,4,4,-3.53E-14,-2.37E-15,4,4,4
-2.65E-14,4.07E-15,691,1,4,4,-3.57E-14,-2.40E-15,4,4,4
-2.92E-14,4.39E-15,692,1,4,4,-3.61E-14,-2.42E-15,4,4,4
-3.19E-14,4.71E-15,693,1,4,4,-3.66E-14,-2.45E-15,4,4,4
-3.44E-14,5.02E-15,694,1,4,4,-3.70E-14,-2.47E-15,4,4,4
-3.69E-14,5.33E-15,695,1,4,4,-3.74E-14,-2.49E-15,4,4,4
-3.94E-14,5.62E-15,696,1,4,4,-3.77E-14,-2.52E-15,4,4,4
-4.18E-14,5.91E-15,697,1,4,4,-3.81E-14,-2.54E-15,4,4,4
-4.41E-14,6.19E-15,698,1,4,4,-3.85E-14,-2.56E-15,4,4,4
-4.63E-14,6.46E-15,699,1,4,4,-3.88E-14,-2.58E-15,4,4,4
-4.85E-14,6.73E-15,700,1,4,4,-3.92E-14,-2.60E-15,4,4,4
-5.07E-14,6.98E-15,701,1,4,4,-3.95E-14,-2.62E-15,4,4,4
-5.28E-14,7.23E-15,702,1,4,4,-3.98E-14,-2.64E-15,4,4,4
-5.48E-14,7.48E-15,703,1,4,4,-4.01E-14,-2.66E-15,4,4,4
-5.68E-14,7.71E-15,704,1,4,4,-4.04E-14,-2.67E-15,4,4,4
-5.87E-14,7.94E-15,705,1,4,4,-4.06E-14,-2.69E-15,4,4,4
-6.05E-14,8.16E-15,706,1,4,4,-4.09E-14,-2.70E-15,4,4,4
-6.23E-14,8.37E-15,707,1,4,4,-4.12E-14,-2.72E-15,4,4,4
-6.41E-14,8.58E-15,708,1,4,4,-4.14E-14,-2.73E-15,4,4,4
-6.58E-14,8.78E-15,709,1,4,4,-4.16E-14,-2.75E-15,4,4,4
-6.74E-14,8.97E-15,710,1,4,4,-4.19E-14,-2.76E-15,4,4,4
-6.90E-14,9.16E-15,711,1,4,4,-4.21E-14,-2.77E-15,4,4,4
-7.05E-14,9.33E-15,712,1,4,4,-4.23E-14,-2.79E-15,4,4,4
-7.20E-14,9.51E-15,713,1,4,4,-4.24E-14,-2.80E-15,4,4,4
-7.34E-14,9.67E-15,714,1,4,4,-4.26E-14,-2.81E-15,4,4,4
-7.48E-14,9.83E-15,715,1,4,4,-4.28E-14,-2.82E-15,4,4,4
-7.61E-14,9.98E-15,716,1,4,4,-4.29E-14,-2.83E-15,4,4,4
-7.74E-14,1.01E-14,717,1,4,4,-4.31E-14,-2.84E-15,4,4,4
-7.86E-14,1.03E-14,718,1,4,4,-4.32E-14,-2.84E-15,4,4,4
-7.98E-14,1.04E-14,719,1,4,4,-4.33E-14,-2.85E-15,4,4,4
-8.09E-14,1.05E-14,720,1,4,4,-4.34E-14,-2.86E-15,4,4,4
-8.20E-14,1.07E-14,721,1,4,4,-4.35E-14,-2.86E-15,4,4,4
-8.30E-14,1.08E-14,722,1,4,4,-4.36E-14,-2.87E-15,4,4,4
-8.40E-14,1.09E-14,723,1,4,4,-4.37E-14,-2.88E-15,4,4,4
-8.49E-14,1.10E-14,724,1,4,4,-4.38E-14,-2.88E-15,4,4,4
-8.58E-14,1.11E-14,725,1,4,4,-4.39E-14,-2.88E-15,4,4,4
-8.67E-14,1.12E-14,726,1,4,4,-4.39E-14,-2.89E-15,4,4,4
-8.75E-14,1.13E-14,727,1,4,4,-4.40E-14,-2.89E-15,4,4,4
-8.82E-14,1.13E-14,728,1,4,4,-4.40E-14,-2.89E-15,4,4,4
-8.89E-14,1.14E-14,729,1,4,4,-4.40E-14,-2.90E-15,4,4,4
-8.96E-14,1.15E-14,730,1,4,4,-4.40E-14,-2.90E-15,4,4,4
-9.02E-14,1.15E-14,731,1,4,4,-4.40E-14,-2.90E-15,4,4,4
-9.08E-14,1.16E-14,732,1,4,4,-4.40E-14,-2.90E-15,4,4,4
-9.13E-14,1.17E-14,733,1,4,4,-4.40E-14,-2.90E-15,4,4,4
-9.18E-14,1.17E-14,734,1,4,4,-4.40E-14,-2.90E-15,4,4,4
-9.23E-14,1.17E-14,735,1,4,4,-4.40E-14,-2.90E-15,4,4,4
-9.27E-14,1.18E-14,736,1,4,4,-4.39E-14,-2.90E-15,4,4,4
-9.31E-14,1.18E-14,737,1,4,4,-4.39E-14,-2.89E-15,4,4,4
-9.34E-14,1.18E-14,738,1,4,4,-4.38E-14,-2.89E-15,4,4,4
-9.37E-14,1.19E-14,739,1,4,4,-4.38E-14,-2.89E-15,4,4,4
-9.40E-14,1.19E-14,740,1,4,4,-4.37E-14,-2.88E-15,4,4,4
-9.42E-14,1.19E-14,741,1,4,4,-4.36E-14,-2.88E-15,4,4,4
-9.44E-14,1.19E-14,742,1,4,4,-4.36E-14,-2.88E-15,4,4,4
-9.46E-14,1.19E-14,743,1,4,4,-4.35E-14,-2.87E-15,4,4,4
-9.47E-14,1.19E-14,744,1,4,4,-4.34E-14,-2.87E-15,4,4,4
-9.48E-14,1.19E-14,745,1,4,4,-4.33E-14,-2.86E-15,4,4,4
-9.48E-14,1.19E-14,746,1,4,4,-4.31E-14,-2.85E-15,4,4,4
-9.48E-14,1.19E-14,747,1,4,4,-4.30E-14,-2.85E-15,4,4,4
-9.48E-14,1.19E-14,748,1,4,4,-4.29E-14,-2.84E-15,4,4,4
-9.47E-14,1.19E-14,749,1,4,4,-4.28E-14,-2.83E-15,4,4,4
-9.47E-14,1.18E-14,750,1,4,4,-4.26E-14,-2.82E-15,4,4,4
-9.45E-14,1.18E-14,751,1,4,4,-4.25E-14,-2.82E-15,4,4,4
-9.44E-14,1.18E-14,752,1,4,4,-4.23E-14,-2.81E-15,4,4,4
-9.42E-14,1.17E-14,753,1,4,4,-4.21E-14,-2.80E-15,4,4,4
-9.40E-14,1.17E-14,754,1,4,4,-4.20E-14,-2.79E-15,4,4,4
-9.38E-14,1.17E-14,755,1,4,4,-4.18E-14,-2.78E-15,4,4,4
-9.35E-14,1.16E-14,756,1,4,4,-4.16E-14,-2.77E-15,4,4,4
-9.32E-14,1.16E-14,757,1,4,4,-4.14E-14,-2.76E-15,4,4,4
-9.29E-14,1.15E-14,758,1,4,4,-4.12E-14,-2.75E-15,4,4,4
-9.25E-14,1.14E-14,759,1,4,4,-4.10E-14,-2.73E-15,4,4,4
-9.21E-14,1.14E-14,760,1,4,4,-4.08E-14,-2.72E-15,4,4,4
-9.17E-14,1.13E-14,761,1,4,4,-4.06E-14,-2.71E-15,4,4,4
-9.13E-14,1.12E-14,762,1,4,4,-4.04E-14,-2.70E-15,4,4,4
-9.08E-14,1.12E-14,763,1,4,4,-4.02E-14,-2.68E-15,4,4,4
-9.03E-14,1.11E-14,764,1,4,4,-3.99E-14,-2.67E-15,4,4,4
-8.98E-14,1.10E-14,765,1,4,4,-3.97E-14,-2.66E-15,4,4,4
-8.93E-14,1.09E-14,766,1,4,4,-3.95E-14,-2.64E-15,4,4,4
-8.87E-14,1.09E-14,767,1,4,4,-3.92E-14,-2.63E-15,4,4,4
-8.81E-14,1.08E-14,768,1,4,4,-3.90E-14,-2.61E-15,4,4,4
-8.75E-14,1.07E-14,769,1,4,4,-3.87E-14,-2.60E-15,4,4,4
-8.69E-14,1.06E-14,770,1,4,4,-3.84E-14,-2.58E-15,4,4,4
-8.62E-14,1.05E-14,771,1,4,4,-3.82E-14,-2.57E-15,4,4,4
-8.56E-14,1.04E-14,772,1,4,4,-3.79E-14,-2.55E-15,4,4,4
-8.49E-14,1.03E-14,773,1,4,4,-3.76E-14,-2.54E-15,4,4,4
-8.42E-14,1.02E-14,774,1,4,4,-3.73E-14,-2.52E-15,4,4,4
-8.34E-14,1.01E-14,775,1,4,4,-3.71E-14,-2.50E-15,4,4,4
-8.27E-14,1.00E-14,776,1,4,4,-3.68E-14,-2.49E-15,4,4,4
-8.19E-14,9.89E-15,777,1,4,4,-3.65E-14,-2.47E-15,4,4,4
-8.12E-14,9.79E-15,778,1,4,4,-3.62E-14,-2.45E-15,4,4,4
-8.04E-14,9.67E-15,779,1,4,4,-3.59E-14,-2.44E-15,4,4,4
-7.95E-14,9.56E-15,780,1,4,4,-3.56E-14,-2.42E-15,4,4,4
-7.87E-14,9.45E-15,781,1,4,4,-3.53E-14,-2.40E-15,4,4,4
-7.79E-14,9.33E-15,782,1,4,4,-3.50E-14,-2.38E-15,4,4,4
-7.70E-14,9.21E-15,783,1,4,4,-3.46E-14,-2.36E-15,4,4,4
-7.61E-14,9.09E-15,784,1,4,4,-3.43E-14,-2.34E-15,4,4,4
-7.52E-14,8.97E-15,785,1,4,4,-3.40E-14,-2.32E-15,4,4,4
-7.43E-14,8.85E-15,786,1,4,4,-3.37E-14,-2.30E-15,4,4,4
-7.34E-14,8.72E-15,787,1,4,4,-3.33E-14,-2.29E-15,4,4,4
-7.25E-14,8.60E-15,788,1,4,4,-3.30E-14,-2.27E-15,4,4,4
-7.15E-14,8.47E-15,789,1,4,4,-3.27E-14,-2.25E-15,4,4,4
-7.06E-14,8.34E-15,790,1,4,4,-3.23E-14,-2.23E-15,4,4,4
-6.96E-14,8.21E-15,791,1,4,4,-3.20E-14,-2.21E-15,4,4,4
-6.87E-14,8.08E-15,792,1,4,4,-3.16E-14,-2.18E-15,4,4,4
-6.77E-14,7.95E-15,793,1,4,4,-3.13E-14,-2.16E-15,4,4,4
-6.67E-14,7.82E-15,794,1,4,4,-3.09E-14,-2.14E-15,4,4,4
-6.57E-14,7.69E-15,795,1,4,4,-3.06E-14,-2.12E-15,4,4,4
-6.47E-14,7.55E-15,796,1,4,4,-3.02E-14,-2.10E-15,4,4,4
-6.37E-14,7.42E-15,797,1,4,4,-2.99E-14,-2.08E-15,4,4,4
-6.26E-14,7.28E-15,798,1,4,4,-2.95E-14,-2.06E-15,4,4,4
-6.16E-14,7.15E-15,799,1,4,4,-2.92E-14,-2.04E-15,4,4,4
-6.06E-14,7.01E-15,800,1,4,4,-2.88E-14,-2.01E-15,4,4,4
-5.95E-14,6.87E-15,801,1,4,4,-2.84E-14,-1.99E-15,4,4,4
-5.85E-14,6.74E-15,802,1,4,4,-2.81E-14,-1.97E-15,4,4,4
-5.74E-14,6.60E-15,803,1,4,4,-2.77E-14,-1.95E-15,4,4,4
-5.64E-14,6.46E-15,804,1,4,4,-2.73E-14,-1.93E-15,4,4,4
-5.53E-14,6.32E-15,805,1,4,4,-2.70E-14,-1.90E-15,4,4,4
-5.43E-14,6.19E-15,806,1,4,4,-2.66E-14,-1.88E-15,4,4,4
-5.32E-14,6.05E-15,807,1,4,4,-2.62E-14,-1.86E-15,4,4,4
-5.22E-14,5.91E-15,808,1,4,4,-2.58E-14,-1.84E-15,4,4,4
-5.11E-14,5.77E-15,809,1,4,4,-2.55E-14,-1.81E-15,4,4,4
-5.00E-14,5.64E-15,810,1,4,4,-2.51E-14,-1.79E-15,4,4,4
-4.90E-14,5.50E-15,811,1,4,4,-2.47E-14,-1.77E-15,4,4,4
-4.79E-14,5.36E-15,812,1,4,4,-2.43E-14,-1.74E-15,4,4,4
-4.68E-14,5.23E-15,813,1,4,4,-2.40E-14,-1.72E-15,4,4,4
-4.58E-14,5.09E-15,814,1,4,4,-2.36E-14,-1.70E-15,4,4,4
-4.47E-14,4.96E-15,815,1,4,4,-2.32E-14,-1.68E-15,4,4,4
-4.37E-14,4.82E-15,816,1,4,4,-2.28E-14,-1.65E-15,4,4,4
-4.26E-14,4.69E-15,817,1,4,4,-2.25E-14,-1.63E-15,4,4,4
-4.16E-14,4.56E-15,818,1,4,4,-2.21E-14,-1.61E-15,4,4,4
-4.05E-14,4.42E-15,819,1,4,4,-2.17E-14,-1.58E-15,4,4,4
-3.95E-14,4.29E-15,820,1,4,4,-2.13E-14,-1.56E-15,4,4,4
-3.85E-14,4.16E-15,821,1,4,4,-2.09E-14,-1.53E-15,4,4,4
-3.74E-14,4.03E-15,822,1,4,4,-2.06E-14,-1.51E-15,4,4,4
-3.64E-14,3.91E-15,823,1,4,4,-2.02E-14,-1.49E-15,4,4,4
-3.54E-14,3.78E-15,824,1,4,4,-1.98E-14,-1.46E-15,4,4,4
-3.44E-14,3.65E-15,825,1,4,4,-1.94E-14,-1.44E-15,4,4,4
-3.34E-14,3.53E-15,826,1,4,4,-1.91E-14,-1.42E-15,4,4,4
-3.24E-14,3.41E-15,827,1,4,4,-1.87E-14,-1.39E-15,4,4,4
-3.15E-14,3.29E-15,828,1,4,4,-1.83E-14,-1.37E-15,4,4,4
-3.05E-14,3.17E-15,829,1,4,4,-1.79E-14,-1.35E-15,4,4,4
-2.95E-14,3.05E-15,830,1,4,4,-1.76E-14,-1.32E-15,4,4,4
-2.86E-14,2.93E-15,831,1,4,4,-1.72E-14,-1.30E-15,4,4,4
-2.76E-14,2.82E-15,832,1,4,4,-1.68E-14,-1.28E-15,4,4,4
-2.67E-14,2.71E-15,833,1,4,4,-1.65E-14,-1.25E-15,4,4,4
-2.58E-14,2.60E-15,834,1,4,4,-1.61E-14,-1.23E-15,4,4,4
-2.49E-14,2.49E-15,835,1,4,4,-1.57E-14,-1.21E-15,4,4,4
-2.40E-14,2.38E-15,836,1,4,4,-1.54E-14,-1.18E-15,4,4,4
-2.32E-14,2.28E-15,837,1,4,4,-1.50E-14,-1.16E-15,4,4,4
-2.23E-14,2.18E-15,838,1,4,4,-1.47E-14,-1.14E-15,4,4,4
-2.15E-14,2.08E-15,839,1,4,4,-1.43E-14,-1.12E-15,4,4,4
-2.06E-14,1.98E-15,840,1,4,4,-1.40E-14,-1.09E-15,4,4,4
-1.98E-14,1.88E-15,841,1,4,4,-1.36E-14,-1.07E-15,4,4,4
-1.90E-14,1.79E-15,842,1,4,4,-1.33E-14,-1.05E-15,4,4,4
-1.83E-14,1.70E-15,843,1,4,4,-1.29E-14,-1.03E-15,4,4,4
-1.75E-14,1.62E-15,844,1,4,4,-1.26E-14,-1.00E-15,4,4,4
-1.68E-14,1.53E-15,845,1,4,4,-1.22E-14,-9.81E-16,4,4,4
-1.60E-14,1.45E-15,846,1,4,4,-1.19E-14,-9.59E-16,4,4,4
-1.53E-14,1.37E-15,847,1,4,4,-1.16E-14,-9.37E-16,4,4,4
-1.47E-14,1.29E-15,848,1,4,4,-1.12E-14,-9.15E-16,4,4,4
-1.40E-14,1.22E-15,849,1,4,4,-1.09E-14,-8.93E-16,4,4,4
-1.34E-14,1.15E-15,850,1,4,4,-1.06E-14,-8.71E-16,4,4,4
-1.27E-14,1.09E-15,851,1,4,4,-1.03E-14,-8.50E-16,4,4,4
-1.22E-14,1.02E-15,852,1,4,4,-9.95E-15,-8.28E-16,4,4,4
-1.16E-14,9.62E-16,853,1,4,4,-9.64E-15,-8.07E-16,4,4,4
-1.10E-14,9.05E-16,854,1,4,4,-9.33E-15,-7.86E-16,4,4,4
-1.05E-14,8.52E-16,855,1,4,4,-9.02E-15,-7.65E-16,4,4,4
-1.00E-14,8.02E-16,856,1,4,4,-8.72E-15,-7.45E-16,4,4,4
-9.53E-15,7.56E-16,857,1,4,4,-8.42E-15,-7.24E-16,4,4,4
-9.08E-15,7.14E-16,858,1,4,4,-8.13E-15,-7.04E-16,4,4,4
-8.65E-15,6.75E-16,859,1,4,4,-7.84E-15,-6.84E-16,4,4,4
-8.25E-15,6.40E-16,860,1,4,4,-7.55E-15,-6.64E-16,4,4,4
-7.88E-15,6.09E-16,861,1,4,4,-7.27E-15,-6.44E-16,4,4,4
-7.54E-15,5.81E-16,862,1,4,4,-6.99E-15,-6.25E-16,4,4,4
-7.22E-15,5.58E-16,863,1,4,4,-6.72E-15,-6.05E-16,4,4,4
-6.94E-15,5.39E-16,864,1,4,4,-6.46E-15,-5.86E-16,4,4,4
-6.68E-15,5.24E-16,865,1,4,4,-6.19E-15,-5.67E-16,4,4,4
-6.45E-15,5.13E-16,866,1,4,4,-5.94E-15,-5.49E-16,4,4,4
-6.23E-15,5.04E-16,867,1,4,4,-5.68E-15,-5.30E-16,4,4,4
-6.02E-15,4.95E-16,868,1,4,4,-5.44E-15,-5.12E-16,4,4,4
-5.80E-15,4.86E-16,869,1,4,4,-5.20E-15,-4.94E-16,4,4,4
-5.59E-15,4.77E-16,870,1,4,4,-4.96E-15,-4.76E-16,4,4,4
-5.38E-15,4.68E-16,871,1,4,4,-4.73E-15,-4.59E-16,4,4,4
-5.17E-15,4.59E-16,872,1,4,4,-4.50E-15,-4.42E-16,4,4,4
-4.97E-15,4.51E-16,873,1,4,4,-4.28E-15,-4.25E-16,4,4,4
-4.76E-15,4.42E-16,874,1,4,4,-4.07E-15,-4.08E-16,4,4,4
-4.56E-15,4.34E-16,875,1,4,4,-3.86E-15,-3.92E-16,4,4,4
-4.36E-15,4.25E-16,876,1,4,4,-3.66E-15,-3.76E-16,4,4,4
-4.15E-15,4.17E-16,877,1,4,4,-3.46E-15,-3.60E-16,4,4,4
-3.95E-15,4.08E-16,878,1,4,4,-3.27E-15,-3.45E-16,4,4,4
-3.76E-15,4.00E-16,879,1,4,4,-3.09E-15,-3.30E-16,4,4,4
-3.56E-15,3.92E-16,880,1,4,4,-2.91E-15,-3.15E-16,4,4,4
-3.36E-15,3.84E-16,881,1,4,4,-2.74E-15,-3.00E-16,4,4,4
-3.17E-15,3.76E-16,882,1,4,4,-2.58E-15,-2.86E-16,4,4,4
-2.98E-15,3.68E-16,883,1,4,4,-2.42E-15,-2.72E-16,4,4,4
-2.78E-15,3.60E-16,884,1,4,4,-2.27E-15,-2.59E-16,4,4,4
-2.59E-15,3.52E-16,885,1,4,4,-2.13E-15,-2.45E-16,4,4,4
-2.41E-15,3.44E-16,886,1,4,4,-1.99E-15,-2.33E-16,4,4,4
-2.22E-15,3.37E-16,887,1,4,4,-1.86E-15,-2.20E-16,4,4,4
-2.03E-15,3.29E-16,888,1,4,4,-1.74E-15,-2.08E-16,4,4,4
-1.85E-15,3.21E-16,889,1,4,4,-1.62E-15,-1.96E-16,4,4,4
-1.67E-15,3.14E-16,890,1,4,4,-1.52E-15,-1.84E-16,4,4,4
-1.48E-15,3.06E-16,891,1,4,4,-1.42E-15,-1.73E-16,4,4,4
-1.30E-15,2.99E-16,892,1,4,4,-1.32E-15,-1.63E-16,4,4,4
-1.13E-15,2.92E-16,893,1,4,4,-1.24E-15,-1.52E-16,4,4,4
-9.48E-16,2.84E-16,894,1,4,4,-1.16E-15,-1.42E-16,4,4,4
-7.72E-16,2.77E-16,895,1,4,4,-1.09E-15,-1.33E-16,4,4,4
-5.98E-16,2.70E-16,896,1,4,4,-1.03E-15,-1.24E-16,4,4,4
-4.24E-16,2.63E-16,897,1,4,4,-9.81E-16,-1.15E-16,4,4,4
-2.52E-16,2.56E-16,898,1,4,4,-9.36E-16,-1.06E-16,4,4,4
-8.18E-17,2.49E-16,899,1,4,4,-8.97E-16,-9.84E-17,4,4,4
8.74E-17,2.42E-16,900,1,4,4,-8.59E-16,-9.04E-17,4,4,4
2.55E-16,2.35E-16,901,1,4,4,-8.20E-16,-8.24E-17,4,4,4
4.22E-16,2.28E-16,902,1,4,4,-7.83E-16,-7.45E-17,4,4,4
5.87E-16,2.22E-16,903,1,4,4,-7.45E-16,-6.66E-17,4,4,4
7.51E-16,2.15E-16,904,1,4,4,-7.08E-16,-5.88E-17,4,4,4
9.14E-16,2.08E-16,905,1,4,4,-6.70E-16,-5.11E-17,4,4,4
1.07E-15,2.02E-16,906,1,4,4,-6.34E-16,-4.34E-17,4,4,4
1.23E-15,1.95E-16,907,1,4,4,-5.97E-16,-3.58E-17,4,4,4
1.39E-15,1.89E-16,908,1,4,4,-5.61E-16,-2.82E-17,4,4,4
1.55E-15,1.83E-16,909,1,4,4,-5.25E-16,-2.06E-17,4,4,4
1.71E-15,1.77E-16,910,1,4,4,-4.90E-16,-1.32E-17,4,4,4
1.86E-15,1.70E-16,911,1,4,4,-4.54E-16,-5.74E-18,4,4,4
2.01E-15,1.64E-16,912,1,4,4,-4.19E-16,1.63E-18,4,4,4
2.17E-15,1.58E-16,913,1,4,4,-3.85E-16,8.95E-18,4,4,4
2.32E-15,1.52E-16,914,1,4,4,-3.50E-16,1.62E-17,4,4,4
2.47E-15,1.46E-16,915,1,4,4,-3.16E-16,2.34E-17,4,4,4
2.62E-15,1.40E-16,916,1,4,4,-2.82E-16,3.06E-17,4,4,4
2.76E-15,1.34E-16,917,1,4,4,-2.49E-16,3.77E-17,4,4,4
2.91E-15,1.29E-16,918,1,4,4,-2.15E-16,4.48E-17,4,4,4
3.05E-15,1.23E-16,919,1,4,4,-1.82E-16,5.18E-17,4,4,4
3.20E-15,1.17E-16,920,1,4,4,-1.50E-16,5.87E-17,4,4,4
3.34E-15,1.12E-16,921,1,4,4,-1.17E-16,6.56E-17,4,4,4
3.48E-15,1.06E-16,922,1,4,4,-8.50E-17,7.25E-17,4,4,4
3.62E-15,1.00E-16,923,1,4,4,-5.31E-17,7.92E-17,4,4,4
3.75E-15,9.50E-17,924,1,4,4,-2.15E-17,8.60E-17,4,4,4
3.89E-15,8.97E-17,925,1,4,4,9.76E-18,9.27E-17,4,4,4
4.03E-15,8.44E-17,926,1,4,4,4.08E-17,9.93E-17,4,4,4
4.16E-15,7.91E-17,927,1,4,4,7.15E-17,1.06E-16,4,4,4
4.29E-15,7.39E-17,928,1,4,4,1.02E-16,1.12E-16,4,4,4
4.43E-15,6.87E-17,929,1,4,4,1.32E-16,1.19E-16,4,4,4
4.56E-15,6.37E-17,930,1,4,4,1.62E-16,1.25E-16,4,4,4
4.69E-15,5.86E-17,931,1,4,4,1.92E-16,1.32E-16,4,4,4
4.81E-15,5.36E-17,932,1,4,4,2.21E-16,1.38E-16,4,4,4
4.94E-15,4.87E-17,933,1,4,4,2.50E-16,1.44E-16,4,4,4
5.07E-15,4.39E-17,934,1,4,4,2.79E-16,1.51E-16,4,4,4
5.19E-15,3.91E-17,935,1,4,4,3.08E-16,1.57E-16,4,4,4
5.31E-15,3.43E-17,936,1,4,4,3.36E-16,1.63E-16,4,4,4
5.44E-15,2.96E-17,937,1,4,4,3.64E-16,1.69E-16,4,4,4
5.56E-15,2.50E-17,938,1,4,4,3.92E-16,1.75E-16,4,4,4
5.68E-15,2.04E-17,939,1,4,4,4.19E-16,1.81E-16,4,4,4
5.80E-15,1.59E-17,940,1,4,4,4.46E-16,1.87E-16,4,4,4
5.91E-15,1.14E-17,941,1,4,4,4.73E-16,1.93E-16,4,4,4
6.03E-15,6.96E-18,942,1,4,4,5.00E-16,1.99E-16,4,4,4
6.14E-15,2.59E-18,943,1,4,4,5.27E-16,2.05E-16,4,4,4
6.26E-15,-1.72E-18,944,1,4,4,5.53E-16,2.10E-16,4,4,4
6.37E-15,-5.98E-18,945,1,4,4,5.79E-16,2.16E-16,4,4,4
6.48E-15,-1.02E-17,946,1,4,4,6.04E-16,2.22E-16,4,4,4
6.59E-15,-1.43E-17,947,1,4,4,6.30E-16,2.27E-16,4,4,4
6.70E-15,-1.84E-17,948,1,4,4,6.55E-16,2.33E-16,4,4,4
6.81E-15,-2.25E-17,949,1,4,4,6.80E-16,2.38E-16,4,4,4
6.92E-15,-2.65E-17,950,1,4,4,7.04E-16,2.44E-16,4,4,4
7.02E-15,-3.04E-17,951,1,4,4,7.29E-16,2.49E-16,4,4,4
7.13E-15,-3.43E-17,952,1,4,4,7.53E-16,2.55E-16,4,4,4
7.23E-15,-3.81E-17,953,1,4,4,7.77E-16,2.60E-16,4,4,4
7.33E-15,-4.19E-17,954,1,4,4,8.00E-16,2.65E-16,4,4,4
7.43E-15,-4.56E-17,955,1,4,4,8.24E-16,2.70E-16,4,4,4
7.53E-15,-4.93E-17,956,1,4,4,8.47E-16,2.76E-16,4,4,4
7.63E-15,-5.30E-17,957,1,4,4,8.69E-16,2.81E-16,4,4,4
7.73E-15,-5.65E-17,958,1,4,4,8.92E-16,2.86E-16,4,4,4
7.82E-15,-6.01E-17,959,1,4,4,9.14E-16,2.91E-16,4,4,4
7.92E-15,-6.35E-17,960,1,4,4,9.37E-16,2.96E-16,4,4,4
8.01E-15,-6.70E-17,961,1,4,4,9.58E-16,3.01E-16,4,4,4
8.11E-15,-7.03E-17,962,1,4,4,9.80E-16,3.06E-16,4,4,4
8.20E-15,-7.37E-17,963,1,4,4,1.00E-15,3.10E-16,4,4,4
8.29E-15,-7.69E-17,964,1,4,4,1.02E-15,3.15E-16,4,4,4
8.38E-15,-8.02E-17,965,1,4,4,1.04E-15,3.20E-16,4,4,4
8.47E-15,-8.33E-17,966,1,4,4,1.06E-15,3.25E-16,4,4,4
8.56E-15,-8.65E-17,967,1,4,4,1.08E-15,3.29E-16,4,4,4
8.64E-15,-8.95E-17,968,1,4,4,1.10E-15,3.34E-16,4,4,4
8.73E-15,-9.26E-17,969,1,4,4,1.12E-15,3.39E-16,4,4,4
8.81E-15,-9.55E-17,970,1,4,4,1.14E-15,3.43E-16,4,4,4
8.90E-15,-9.85E-17,971,1,4,4,1.16E-15,3.48E-16,4,4,4
8.98E-15,-1.01E-16,972,1,4,4,1.18E-15,3.52E-16,4,4,4
9.06E-15,-1.04E-16,973,1,4,4,1.20E-15,3.56E-16,4,4,4
9.14E-15,-1.07E-16,974,1,4,4,1.22E-15,3.61E-16,4,4,4
9.22E-15,-1.10E-16,975,1,4,4,1.24E-15,3.65E-16,4,4,4
9.30E-15,-1.12E-16,976,1,4,4,1.26E-15,3.69E-16,4,4,4
9.38E-15,-1.15E-16,977,1,4,4,1.27E-15,3.74E-16,4,4,4
9.45E-15,-1.18E-16,978,1,4,4,1.29E-15,3.78E-16,4,4,4
9.53E-15,-1.20E-16,979,1,4,4,1.31E-15,3.82E-16,4,4,4
9.60E-15,-1.23E-16,980,1,4,4,1.33E-15,3.86E-16,4,4,4
9.67E-15,-1.25E-16,981,1,4,4,1.34E-15,3.90E-16,4,4,4
9.74E-15,-1.28E-16,982,1,4,4,1.36E-15,3.94E-16,4,4,4
9.82E-15,-1.30E-16,983,1,4,4,1.38E-15,3.98E-16,4,4,4
9.89E-15,-1.32E-16,984,1,4,4,1.39E-15,4.02E-16,4,4,4
9.95E-15,-1.34E-16,985,1,4,4,1.41E-15,4.06E-16,4,4,4
1.00E-14,-1.37E-16,986,1,4,4,1.43E-15,4.10E-16,4,4,4
1.01E-14,-1.39E-16,987,1,4,4,1.44E-15,4.13E-16,4,4,4
1.02E-14,-1.41E-16,988,1,4,4,1.46E-15,4.17E-16,4,4,4
1.02E-14,-1.43E-16,989,1,4,4,1.47E-15,4.21E-16,4,4,4
1.03E-14,-1.45E-16,990,1,4,4,1.49E-15,4.25E-16,4,4,4
1.03E-14,-1.47E-16,991,1,4,4,1.50E-15,4.28E-16,4,4,4
1.04E-14,-1.49E-16,992,1,4,4,1.52E-15,4.32E-16,4,4,4
1.05E-14,-1.51E-16,993,1,4,4,1.53E-15,4.35E-16,4,4,4
1.05E-14,-1.53E-16,994,1,4,4,1.55E-15,4.39E-16,4,4,4
1.06E-14,-1.55E-16,995,1,4,4,1.56E-15,4.42E-16,4,4,4
1.06E-14,-1.57E-16,996,1,4,4,1.57E-15,4.46E-16,4,4,4
1.07E-14,-1.58E-16,997,1,4,4,1.59E-15,4.49E-16,4,4,4
1.08E-14,-1.60E-16,998,1,4,4,1.60E-15,4.52E-16,4,4,4
1.08E-14,-1.62E-16,999,1,4,4,1.61E-15,4.56E-16,4,4,4
1.09E-14,-1.63E-16,1000,1,4,4,1.63E-15,4.59E-16,4,4,4
1.09E-14,-1.65E-16,1001,1,4,4,1.64E-15,4.62E-16,4,4,4
1.10E-14,-1.66E-16,1002,1,4,4,1.65E-15,4.65E-16,4,4,4
1.10E-14,-1.68E-16,1003,1,4,4,1.66E-15,4.68E-16,4,4,4
1.11E-14,-1.69E-16,1004,1,4,4,1.68E-15,4.72E-16,4,4,4
1.11E-14,-1.71E-16,1005,1,4,4,1.69E-15,4.75E-16,4,4,4
1.12E-14,-1.72E-16,1006,1,4,4,1.70E-15,4.78E-16,4,4,4
1.12E-14,-1.73E-16,1007,1,4,4,1.71E-15,4.81E-16,4,4,4
1.13E-14,-1.75E-16,1008,1,4,4,1.72E-15,4.84E-16,4,4,4
1.13E-14,-1.76E-16,1009,1,4,4,1.73E-15,4.86E-16,4,4,4
1.14E-14,-1.77E-16,1010,1,4,4,1.74E-15,4.89E-16,4,4,4
1.14E-14,-1.78E-16,1011,1,4,4,1.75E-15,4.92E-16,4,4,4
1.14E-14,-1.79E-16,1012,1,4,4,1.76E-15,4.95E-16,4,4,4
1.15E-14,-1.80E-16,1013,1,4,4,1.77E-15,4.98E-16,4,4,4
1.15E-14,-1.81E-16,1014,1,4,4,1.78E-15,5.00E-16,4,4,4
1.16E-14,-1.82E-16,1015,1,4,4,1.79E-15,5.03E-16,4,4,4
1.16E-14,-1.83E-16,1016,1,4,4,1.80E-15,5.06E-16,4,4,4
1.16E-14,-1.84E-16,1017,1,4,4,1.81E-15,5.08E-16,4,4,4
1.17E-14,-1.85E-16,1018,1,4,4,1.82E-15,5.11E-16,4,4,4
1.17E-14,-1.86E-16,1019,1,4,4,1.83E-15,5.13E-16,4,4,4
1.18E-14,-1.87E-16,1020,1,4,4,1.84E-15,5.16E-16,4,4,4
1.18E-14,-1.88E-16,1021,1,4,4,1.85E-15,5.18E-16,4,4,4
1.18E-14,-1.88E-16,1022,1,4,4,1.86E-15,5.21E-16,4,4,4
1.19E-14,-1.89E-16,1023,1,4,4,1.87E-15,5.23E-16,4,4,4
1.19E-14,-1.90E-16,1024,1,4,4,1.87E-15,5.25E-16,4,4,4
1.19E-14,-1.90E-16,1025,1,4,4,1.88E-15,5.27E-16,4,4,4
1.19E-14,-1.91E-16,1026,1,4,4,1.89E-15,5.30E-16,4,4,4
1.20E-14,-1.91E-16,1027,1,4,4,1.90E-15,5.32E-16,4,4,4
1.20E-14,-1.92E-16,1028,1,4,4,1.90E-15,5.34E-16,4,4,4
1.20E-14,-1.92E-16,1029,1,4,4,1.91E-15,5.36E-16,4,4,4
1.21E-14,-1.93E-16,1030,1,4,4,1.92E-15,5.38E-16,4,4,4
1.21E-14,-1.93E-16,1031,1,4,4,1.92E-15,5.40E-16,4,4,4
1.21E-14,-1.94E-16,1032,1,4,4,1.93E-15,5.42E-16,4,4,4
1.21E-14,-1.94E-16,1033,1,4,4,1.94E-15,5.44E-16,4,4,4
1.22E-14,-1.94E-16,1034,1,4,4,1.94E-15,5.46E-16,4,4,4
1.22E-14,-1.94E-16,1035,1,4,4,1.95E-15,5.48E-16,4,4,4
1.22E-14,-1.95E-16,1036,1,4,4,1.96E-15,5.50E-16,4,4,4
1.22E-14,-1.95E-16,1037,1,4,4,1.96E-15,5.52E-16,4,4,4
1.22E-14,-1.95E-16,1038,1,4,4,1.97E-15,5.54E-16,4,4,4
1.23E-14,-1.95E-16,1039,1,4,4,1.97E-15,5.56E-16,4,4,4
1.23E-14,-1.95E-16,1040,1,4,4,1.98E-15,5.57E-16,4,4,4
1.23E-14,-1.95E-16,1041,1,4,4,1.98E-15,5.59E-16,4,4,4
1.23E-14,-1.95E-16,1042,1,4,4,1.99E-15,5.61E-16,4,4,4
1.23E-14,-1.95E-16,1043,1,4,4,1.99E-15,5.62E-16,4,4,4
1.24E-14,-1.95E-16,1044,1,4,4,2.00E-15,5.64E-16,4,4,4
1.24E-14,-1.95E-16,1045,1,4,4,2.00E-15,5.66E-16,4,4,4
1.24E-14,-1.95E-16,1046,1,4,4,2.00E-15,5.67E-16,4,4,4
1.24E-14,-1.95E-16,1047,1,4,4,2.01E-15,5.69E-16,4,4,4
1.24E-14,-1.95E-16,1048,1,4,4,2.01E-15,5.70E-16,4,4,4
1.24E-14,-1.94E-16,1049,1,4,4,2.01E-15,5.72E-16,4,4,4
1.24E-14,-1.94E-16,1050,1,4,4,2.02E-15,5.73E-16,4,4,4
1.24E-14,-1.94E-16,1051,1,4,4,2.02E-15,5.74E-16,4,4,4
1.24E-14,-1.94E-16,1052,1,4,4,2.02E-15,5.76E-16,4,4,4
1.25E-14,-1.93E-16,1053,1,4,4,2.03E-15,5.77E-16,4,4,4
1.25E-14,-1.93E-16,1054,1,4,4,2.03E-15,5.78E-16,4,4,4
1.25E-14,-1.92E-16,1055,1,4,4,2.03E-15,5.80E-16,4,4,4
1.25E-14,-1.92E-16,1056,1,4,4,2.03E-15,5.81E-16,4,4,4
1.25E-14,-1.91E-16,1057,1,4,4,2.04E-15,5.82E-16,4,4,4
1.25E-14,-1.91E-16,1058,1,4,4,2.04E-15,5.83E-16,4,4,4
1.25E-14,-1.90E-16,1059,1,4,4,2.04E-15,5.84E-16,4,4,4
1.25E-14,-1.90E-16,1060,1,4,4,2.04E-15,5.85E-16,4,4,4
1.25E-14,-1.89E-16,1061,1,4,4,2.04E-15,5.86E-16,4,4,4
1.25E-14,-1.89E-16,1062,1,4,4,2.04E-15,5.87E-16,4,4,4
1.25E-14,-1.88E-16,1063,1,4,4,2.05E-15,5.88E-16,4,4,4
1.25E-14,-1.87E-16,1064,1,4,4,2.05E-15,5.89E-16,4,4,4
1.25E-14,-1.87E-16,1065,1,4,4,2.05E-15,5.90E-16,4,4,4
1.25E-14,-1.86E-16,1066,1,4,4,2.05E-15,5.91E-16,4,4,4
1.25E-14,-1.85E-16,1067,1,4,4,2.05E-15,5.92E-16,4,4,4
1.25E-14,-1.84E-16,1068,1,4,4,2.05E-15,5.93E-16,4,4,4
1.25E-14,-1.83E-16,1069,1,4,4,2.05E-15,5.94E-16,4,4,4
1.25E-14,-1.83E-16,1070,1,4,4,2.05E-15,5.94E-16,4,4,4
1.25E-14,-1.82E-16,1071,1,4,4,2.05E-15,5.95E-16,4,4,4
1.25E-14,-1.81E-16,1072,1,4,4,2.05E-15,5.96E-16,4,4,4
1.25E-14,-1.80E-16,1073,1,4,4,2.05E-15,5.96E-16,4,4,4
1.25E-14,-1.79E-16,1074,1,4,4,2.05E-15,5.97E-16,4,4,4
1.25E-14,-1.78E-16,1075,1,4,4,2.05E-15,5.98E-16,4,4,4
1.25E-14,-1.77E-16,1076,1,4,4,2.05E-15,5.98E-16,4,4,4
1.25E-14,-1.76E-16,1077,1,4,4,2.05E-15,5.99E-16,4,4,4
1.24E-14,-1.75E-16,1078,1,4,4,2.05E-15,5.99E-16,4,4,4
1.24E-14,-1.74E-16,1079,1,4,4,2.04E-15,6.00E-16,4,4,4
1.24E-14,-1.73E-16,1080,1,4,4,2.04E-15,6.00E-16,4,4,4
1.24E-14,-1.71E-16,1081,1,4,4,2.04E-15,6.01E-16,4,4,4
1.24E-14,-1.70E-16,1082,1,4,4,2.04E-15,6.01E-16,4,4,4
1.24E-14,-1.69E-16,1083,1,4,4,2.04E-15,6.02E-16,4,4,4
1.24E-14,-1.68E-16,1084,1,4,4,2.04E-15,6.02E-16,4,4,4
1.24E-14,-1.67E-16,1085,1,4,4,2.03E-15,6.02E-16,4,4,4
1.23E-14,-1.65E-16,1086,1,4,4,2.03E-15,6.02E-16,4,4,4
1.23E-14,-1.64E-16,1087,1,4,4,2.03E-15,6.03E-16,4,4,4
1.23E-14,-1.63E-16,1088,1,4,4,2.03E-15,6.03E-16,4,4,4
1.23E-14,-1.61E-16,1089,1,4,4,2.02E-15,6.03E-16,4,4,4
1.23E-14,-1.60E-16,1090,1,4,4,2.02E-15,6.03E-16,4,4,4
1.23E-14,-1.59E-16,1091,1,4,4,2.02E-15,6.04E-16,4,4,4
1.23E-14,-1.57E-16,1092,1,4,4,2.02E-15,6.04E-16,4,4,4
1.22E-14,-1.56E-16,1093,1,4,4,2.01E-15,6.04E-16,4,4,4
1.22E-14,-1.54E-16,1094,1,4,4,2.01E-15,6.04E-16,4,4,4
1.22E-14,-1.53E-16,1095,1,4,4,2.01E-15,6.04E-16,4,4,4
1.22E-14,-1.51E-16,1096,1,4,4,2.00E-15,6.04E-16,4,4,4
1.22E-14,-1.50E-16,1097,1,4,4,2.00E-15,6.04E-16,4,4,4
1.21E-14,-1.48E-16,1098,1,4,4,2.00E-15,6.04E-16,4,4,4
1.21E-14,-1.47E-16,1099,1,4,4,1.99E-15,6.04E-16,4,4,4
1.21E-14,-1.45E-16,1100,1,4,4,1.99E-15,6.04E-16,4,4,4
1.21E-14,-1.43E-16,1101,1,4,4,1.98E-15,6.04E-16,4,4,4
1.20E-14,-1.42E-16,1102,1,4,4,1.98E-15,6.04E-16,4,4,4
1.20E-14,-1.40E-16,1103,1,4,4,1.97E-15,6.03E-16,4,4,4
1.20E-14,-1.38E-16,1104,1,4,4,1.97E-15,6.03E-16,4,4,4
1.20E-14,-1.37E-16,1105,1,4,4,1.97E-15,6.03E-16,4,4,4
1.19E-14,-1.35E-16,1106,1,4,4,1.96E-15,6.03E-16,4,4,4
1.19E-14,-1.33E-16,1107,1,4,4,1.96E-15,6.02E-16,4,4,4
1.19E-14,-1.31E-16,1108,1,4,4,1.95E-15,6.02E-16,4,4,4
1.19E-14,-1.30E-16,1109,1,4,4,1.95E-15,6.02E-16,4,4,4
1.18E-14,-1.28E-16,1110,1,4,4,1.94E-15,6.01E-16,4,4,4
1.18E-14,-1.26E-16,1111,1,4,4,1.94E-15,6.01E-16,4,4,4
1.18E-14,-1.24E-16,1112,1,4,4,1.93E-15,6.01E-16,4,4,4
1.18E-14,-1.22E-16,1113,1,4,4,1.92E-15,6.00E-16,4,4,4
1.17E-14,-1.20E-16,1114,1,4,4,1.92E-15,6.00E-16,4,4,4
1.17E-14,-1.18E-16,1115,1,4,4,1.91E-15,5.99E-16,4,4,4
1.17E-14,-1.17E-16,1116,1,4,4,1.91E-15,5.99E-16,4,4,4
1.16E-14,-1.15E-16,1117,1,4,4,1.90E-15,5.98E-16,4,4,4
1.16E-14,-1.13E-16,1118,1,4,4,1.90E-15,5.98E-16,4,4,4
1.16E-14,-1.11E-16,1119,1,4,4,1.89E-15,5.97E-16,4,4,4
1.15E-14,-1.09E-16,1120,1,4,4,1.88E-15,5.97E-16,4,4,4
1.15E-14,-1.07E-16,1121,1,4,4,1.88E-15,5.96E-16,4,4,4
1.15E-14,-1.05E-16,1122,1,4,4,1.87E-15,5.96E-16,4,4,4
1.14E-14,-1.03E-16,1123,1,4,4,1.86E-15,5.95E-16,4,4,4
1.14E-14,-1.01E-16,1124,1,4,4,1.86E-15,5.94E-16,4,4,4
1.14E-14,-9.85E-17,1125,1,4,4,1.85E-15,5.94E-16,4,4,4
1.13E-14,-9.64E-17,1126,1,4,4,1.84E-15,5.93E-16,4,4,4
1.13E-14,-9.43E-17,1127,1,4,4,1.84E-15,5.92E-16,4,4,4
1.13E-14,-9.21E-17,1128,1,4,4,1.83E-15,5.91E-16,4,4,4
1.12E-14,-9.00E-17,1129,1,4,4,1.82E-15,5.91E-16,4,4,4
1.12E-14,-8.78E-17,1130,1,4,4,1.81E-15,5.90E-16,4,4,4
1.11E-14,-8.56E-17,1131,1,4,4,1.81E-15,5.89E-16,4,4,4
1.11E-14,-8.35E-17,1132,1,4,4,1.80E-15,5.88E-16,4,4,4
1.11E-14,-8.12E-17,1133,1,4,4,1.79E-15,5.87E-16,4,4,4
1.10E-14,-7.90E-17,1134,1,4,4,1.78E-15,5.86E-16,4,4,4
1.10E-14,-7.68E-17,1135,1,4,4,1.78E-15,5.85E-16,4,4,4
1.09E-14,-7.45E-17,1136,1,4,4,1.77E-15,5.84E-16,4,4,4
1.09E-14,-7.23E-17,1137,1,4,4,1.76E-15,5.83E-16,4,4,4
1.09E-14,-7.00E-17,1138,1,4,4,1.75E-15,5.82E-16,4,4,4
1.08E-14,-6.77E-17,1139,1,4,4,1.74E-15,5.81E-16,4,4,4
1.08E-14,-6.54E-17,1140,1,4,4,1.73E-15,5.80E-16,4,4,4
1.07E-14,-6.31E-17,1141,1,4,4,1.73E-15,5.79E-16,4,4,4
1.07E-14,-6.07E-17,1142,1,4,4,1.72E-15,5.78E-16,4,4,4
1.07E-14,-5.84E-17,1143,1,4,4,1.71E-15,5.77E-16,4,4,4
1.06E-14,-5.60E-17,1144,1,4,4,1.70E-15,5.76E-16,4,4,4
1.06E-14,-5.37E-17,1145,1,4,4,1.69E-15,5.75E-16,4,4,4
1.05E-14,-5.13E-17,1146,1,4,4,1.68E-15,5.74E-16,4,4,4
1.05E-14,-4.89E-17,1147,1,4,4,1.67E-15,5.73E-16,4,4,4
1.04E-14,-4.65E-17,1148,1,4,4,1.66E-15,5.72E-16,4,4,4
1.04E-14,-4.40E-17,1149,1,4,4,1.66E-15,5.70E-16,4,4,4
1.03E-14,-4.16E-17,1150,1,4,4,1.65E-15,5.69E-16,4,4,4
1.03E-14,-3.92E-17,1151,1,4,4,1.64E-15,5.68E-16,4,4,4
1.02E-14,-3.67E-17,1152,1,4,4,1.63E-15,5.67E-16,4,4,4
1.02E-14,-3.43E-17,1153,1,4,4,1.62E-15,5.65E-16,4,4,4
1.02E-14,-3.18E-17,1154,1,4,4,1.61E-15,5.64E-16,4,4,4
1.01E-14,-2.93E-17,1155,1,4,4,1.60E-15,5.63E-16,4,4,4
1.01E-14,-2.68E-17,1156,1,4,4,1.59E-15,5.61E-16,4,4,4
1.00E-14,-2.43E-17,1157,1,4,4,1.58E-15,5.60E-16,4,4,4
9.96E-15,-2.18E-17,1158,1,4,4,1.57E-15,5.59E-16,4,4,4
9.91E-15,-1.92E-17,1159,1,4,4,1.56E-15,5.57E-16,4,4,4
9.86E-15,-1.67E-17,1160,1,4,4,1.55E-15,5.56E-16,4,4,4
9.81E-15,-1.42E-17,1161,1,4,4,1.54E-15,5.55E-16,4,4,4
9.76E-15,-1.16E-17,1162,1,4,4,1.53E-15,5.53E-16,4,4,4
9.71E-15,-9.05E-18,1163,1,4,4,1.52E-15,5.52E-16,4,4,4
9.66E-15,-6.47E-18,1164,1,4,4,1.51E-15,5.50E-16,4,4,4
9.61E-15,-3.89E-18,1165,1,4,4,1.50E-15,5.49E-16,4,4,4
9.56E-15,-1.30E-18,1166,1,4,4,1.49E-15,5.47E-16,4,4,4
9.51E-15,1.29E-18,1167,1,4,4,1.48E-15,5.46E-16,4,4,4
9.46E-15,3.90E-18,1168,1,4,4,1.47E-15,5.44E-16,4,4,4
9.41E-15,6.51E-18,1169,1,4,4,1.46E-15,5.43E-16,4,4,4
9.35E-15,9.13E-18,1170,1,4,4,1.45E-15,5.41E-16,4,4,4
9.30E-15,1.18E-17,1171,1,4,4,1.44E-15,5.39E-16,4,4,4
9.25E-15,1.44E-17,1172,1,4,4,1.43E-15,5.38E-16,4,4,4
9.20E-15,1.70E-17,1173,1,4,4,1.42E-15,5.36E-16,4,4,4
9.14E-15,1.97E-17,1174,1,4,4,1.40E-15,5.35E-16,4,4,4
9.09E-15,2.23E-17,1175,1,4,4,1.39E-15,5.33E-16,4,4,4
9.03E-15,2.50E-17,1176,1,4,4,1.38E-15,5.31E-16,4,4,4
8.98E-15,2.77E-17,1177,1,4,4,1.37E-15,5.30E-16,4,4,4
8.93E-15,3.03E-17,1178,1,4,4,1.36E-15,5.28E-16,4,4,4
8.87E-15,3.30E-17,1179,1,4,4,1.35E-15,5.26E-16,4,4,4
8.82E-15,3.57E-17,1180,1,4,4,1.34E-15,5.24E-16,4,4,4
8.76E-15,3.84E-17,1181,1,4,4,1.33E-15,5.23E-16,4,4,4
8.71E-15,4.11E-17,1182,1,4,4,1.32E-15,5.21E-16,4,4,4
8.65E-15,4.38E-17,1183,1,4,4,1.30E-15,5.19E-16,4,4,4
8.59E-15,4.65E-17,1184,1,4,4,1.29E-15,5.17E-16,4,4,4
8.54E-15,4.92E-17,1185,1,4,4,1.28E-15,5.16E-16,4,4,4
8.48E-15,5.19E-17,1186,1,4,4,1.27E-15,5.14E-16,4,4,4
8.42E-15,5.46E-17,1187,1,4,4,1.26E-15,5.12E-16,4,4,4
8.37E-15,5.73E-17,1188,1,4,4,1.25E-15,5.10E-16,4,4,4
8.31E-15,6.00E-17,1189,1,4,4,1.24E-15,5.08E-16,4,4,4
8.25E-15,6.28E-17,1190,1,4,4,1.22E-15,5.06E-16,4,4,4
8.19E-15,6.55E-17,1191,1,4,4,1.21E-15,5.04E-16,4,4,4
8.14E-15,6.82E-17,1192,1,4,4,1.20E-15,5.03E-16,4,4,4
8.08E-15,7.10E-17,1193,1,4,4,1.19E-15,5.01E-16,4,4,4
8.02E-15,7.37E-17,1194,1,4,4,1.18E-15,4.99E-16,4,4,4
7.96E-15,7.64E-17,1195,1,4,4,1.16E-15,4.97E-16,4,4,4
7.90E-15,7.92E-17,1196,1,4,4,1.15E-15,4.95E-16,4,4,4
7.84E-15,8.19E-17,1197,1,4,4,1.14E-15,4.93E-16,4,4,4
7.79E-15,8.47E-17,1198,1,4,4,1.13E-15,4.91E-16,4,4,4
7.73E-15,8.74E-17,1199,1,4,4,1.12E-15,4.89E-16,4,4,4
7.67E-15,9.02E-17,1200,1,4,4,1.10E-15,4.87E-16,4,4,4
7.61E-15,9.29E-17,1201,1,4,4,1.09E-15,4.85E-16,4,4,4
7.55E-15,9.57E-17,1202,1,4,4,1.08E-15,4.83E-16,4,4,4
7.49E-15,9.84E-17,1203,1,4,4,1.07E-15,4.81E-16,4,4,4
7.43E-15,1.01E-16,1204,1,4,4,1.06E-15,4.79E-16,4,4,4
7.37E-15,1.04E-16,1205,1,4,4,1.04E-15,4.77E-16,4,4,4
7.31E-15,1.07E-16,1206,1,4,4,1.03E-15,4.75E-16,4,4,4
7.25E-15,1.09E-16,1207,1,4,4,1.02E-15,4.73E-16,4,4,4
7.19E-15,1.12E-16,1208,1,4,4,1.01E-15,4.71E-16,4,4,4
7.12E-15,1.15E-16,1209,1,4,4,9.94E-16,4.69E-16,4,4,4
7.06E-15,1.18E-16,1210,1,4,4,9.81E-16,4.66E-16,4,4,4
7.00E-15,1.20E-16,1211,1,4,4,9.69E-16,4.64E-16,4,4,4
6.94E-15,1.23E-16,1212,1,4,4,9.56E-16,4.62E-16,4,4,4
6.88E-15,1.26E-16,1213,1,4,4,9.44E-16,4.60E-16,4,4,4
6.82E-15,1.29E-16,1214,1,4,4,9.31E-16,4.58E-16,4,4,4
6.76E-15,1.31E-16,1215,1,4,4,9.19E-16,4.56E-16,4,4,4
6.70E-15,1.34E-16,1216,1,4,4,9.06E-16,4.54E-16,4,4,4
6.63E-15,1.37E-16,1217,1,4,4,8.93E-16,4.51E-16,4,4,4
6.57E-15,1.40E-16,1218,1,4,4,8.81E-16,4.49E-16,4,4,4
6.51E-15,1.42E-16,1219,1,4,4,8.68E-16,4.47E-16,4,4,4
6.45E-15,1.45E-16,1220,1,4,4,8.55E-16,4.45E-16,4,4,4
6.39E-15,1.48E-16,1221,1,4,4,8.43E-16,4.43E-16,4,4,4
6.32E-15,1.50E-16,1222,1,4,4,8.30E-16,4.40E-16,4,4,4
6.26E-15,1.53E-16,1223,1,4,4,8.17E-16,4.38E-16,4,4,4
6.20E-15,1.56E-16,1224,1,4,4,8.05E-16,4.36E-16,4,4,4
6.14E-15,1.59E-16,1225,1,4,4,7.92E-16,4.34E-16,4,4,4
6.07E-15,1.61E-16,1226,1,4,4,7.79E-16,4.31E-16,4,4,4
6.01E-15,1.64E-16,1227,1,4,4,7.66E-16,4.29E-16,4,4,4
5.95E-15,1.67E-16,1228,1,4,4,7.53E-16,4.27E-16,4,4,4
5.88E-15,1.69E-16,1229,1,4,4,7.41E-16,4.25E-16,4,4,4
5.82E-15,1.72E-16,1230,1,4,4,7.28E-16,4.22E-16,4,4,4
5.76E-15,1.75E-16,1231,1,4,4,7.15E-16,4.20E-16,4,4,4
5.70E-15,1.77E-16,1232,1,4,4,7.02E-16,4.18E-16,4,4,4
5.63E-15,1.80E-16,1233,1,4,4,6.89E-16,4.15E-16,4,4,4
5.57E-15,1.83E-16,1234,1,4,4,6.76E-16,4.13E-16,4,4,4
5.51E-15,1.85E-16,1235,1,4,4,6.64E-16,4.11E-16,4,4,4
5.44E-15,1.88E-16,1236,1,4,4,6.51E-16,4.08E-16,4,4,4
5.38E-15,1.91E-16,1237,1,4,4,6.38E-16,4.06E-16,4,4,4
5.32E-15,1.93E-16,1238,1,4,4,6.25E-16,4.04E-16,4,4,4
5.25E-15,1.96E-16,1239,1,4,4,6.12E-16,4.01E-16,4,4,4
5.19E-15,1.99E-16,1240,1,4,4,5.99E-16,3.99E-16,4,4,4
5.13E-15,2.01E-16,1241,1,4,4,5.86E-16,3.97E-16,4,4,4
5.06E-15,2.04E-16,1242,1,4,4,5.73E-16,3.94E-16,4,4,4
5.00E-15,2.07E-16,1243,1,4,4,5.60E-16,3.92E-16,4,4,4
4.94E-15,2.09E-16,1244,1,4,4,5.48E-16,3.90E-16,4,4,4
4.87E-15,2.12E-16,1245,1,4,4,5.35E-16,3.87E-16,4,4,4
4.81E-15,2.14E-16,1246,1,4,4,5.22E-16,3.85E-16,4,4,4
4.75E-15,2.17E-16,1247,1,4,4,5.09E-16,3.82E-16,4,4,4
4.68E-15,2.19E-16,1248,1,4,4,4.96E-16,3.80E-16,4,4,4
4.62E-15,2.22E-16,1249,1,4,4,4.83E-16,3.78E-16,4,4,4
4.56E-15,2.25E-16,1250,1,4,4,4.70E-16,3.75E-16,4,4,4
4.49E-15,2.27E-16,1251,1,4,4,4.57E-16,3.73E-16,4,4,4
4.43E-15,2.30E-16,1252,1,4,4,4.45E-16,3.70E-16,4,4,4
4.37E-15,2.32E-16,1253,1,4,4,4.32E-16,3.68E-16,4,4,4
4.30E-15,2.35E-16,1254,1,4,4,4.19E-16,3.65E-16,4,4,4
4.24E-15,2.37E-16,1255,1,4,4,4.06E-16,3.63E-16,4,4,4
4.18E-15,2.40E-16,1256,1,4,4,3.93E-16,3.61E-16,4,4,4
4.11E-15,2.42E-16,1257,1,4,4,3.81E-16,3.58E-16,4,4,4
4.05E-15,2.45E-16,1258,1,4,4,3.68E-16,3.56E-16,4,4,4
3.99E-15,2.47E-16,1259,1,4,4,3.55E-16,3.53E-16,4,4,4
3.93E-15,2.49E-16,1260,1,4,4,3.42E-16,3.51E-16,4,4,4
3.86E-15,2.52E-16,1261,1,4,4,3.30E-16,3.48E-16,4,4,4
3.80E-15,2.54E-16,1262,1,4,4,3.17E-16,3.46E-16,4,4,4
3.74E-15,2.57E-16,1263,1,4,4,3.04E-16,3.43E-16,4,4,4
3.67E-15,2.59E-16,1264,1,4,4,2.91E-16,3.41E-16,4,4,4
3.61E-15,2.61E-16,1265,1,4,4,2.79E-16,3.39E-16,4,4,4
3.55E-15,2.64E-16,1266,1,4,4,2.66E-16,3.36E-16,4,4,4
3.49E-15,2.66E-16,1267,1,4,4,2.54E-16,3.34E-16,4,4,4
3.42E-15,2.69E-16,1268,1,4,4,2.41E-16,3.31E-16,4,4,4
3.36E-15,2.71E-16,1269,1,4,4,2.28E-16,3.29E-16,4,4,4
3.30E-15,2.73E-16,1270,1,4,4,2.16E-16,3.26E-16,4,4,4
3.24E-15,2.76E-16,1271,1,4,4,2.03E-16,3.24E-16,4,4,4
3.18E-15,2.78E-16,1272,1,4,4,1.91E-16,3.21E-16,4,4,4
3.11E-15,2.80E-16,1273,1,4,4,1.78E-16,3.19E-16,4,4,4
3.05E-15,2.82E-16,1274,1,4,4,1.66E-16,3.16E-16,4,4,4
2.99E-15,2.85E-16,1275,1,4,4,1.53E-16,3.14E-16,4,4,4
2.93E-15,2.87E-16,1276,1,4,4,1.41E-16,3.11E-16,4,4,4
2.87E-15,2.89E-16,1277,1,4,4,1.29E-16,3.09E-16,4,4,4
2.81E-15,2.91E-16,1278,1,4,4,1.16E-16,3.06E-16,4,4,4
2.75E-15,2.93E-16,1279,1,4,4,1.04E-16,3.04E-16,4,4,4
2.68E-15,2.96E-16,1280,1,4,4,9.19E-17,3.01E-16,4,4,4
2.62E-15,2.98E-16,1281,1,4,4,7.96E-17,2.99E-16,4,4,4
2.56E-15,3.00E-16,1282,1,4,4,6.75E-17,2.96E-16,4,4,4
2.50E-15,3.02E-16,1283,1,4,4,5.53E-17,2.94E-16,4,4,4
2.44E-15,3.04E-16,1284,1,4,4,4.32E-17,2.91E-16,4,4,4
2.38E-15,3.06E-16,1285,1,4,4,3.11E-17,2.89E-16,4,4,4
2.32E-15,3.08E-16,1286,1,4,4,1.91E-17,2.86E-16,4,4,4
2.26E-15,3.10E-16,1287,1,4,4,7.06E-18,2.84E-16,4,4,4
2.20E-15,3.12E-16,1288,1,4,4,-4.90E-18,2.81E-16,4,4,4
2.14E-15,3.15E-16,1289,1,4,4,-1.68E-17,2.79E-16,4,4,4
2.08E-15,3.17E-16,1290,1,4,4,-2.87E-17,2.76E-16,4,4,4
2.02E-15,3.19E-16,1291,1,4,4,-4.05E-17,2.74E-16,4,4,4
1.96E-15,3.21E-16,1292,1,4,4,-5.23E-17,2.71E-16,4,4,4
1.91E-15,3.22E-16,1293,1,4,4,-6.41E-17,2.69E-16,4,4,4
1.85E-15,3.24E-16,1294,1,4,4,-7.58E-17,2.66E-16,4,4,4
1.79E-15,3.26E-16,1295,1,4,4,-8.74E-17,2.64E-16,4,4,4
1.73E-15,3.28E-16,1296,1,4,4,-9.91E-17,2.61E-16,4,4,4
1.67E-15,3.30E-16,1297,1,4,4,-1.11E-16,2.59E-16,4,4,4
1.61E-15,3.32E-16,1298,1,4,4,-1.22E-16,2.56E-16,4,4,4
1.56E-15,3.34E-16,1299,1,4,4,-1.34E-16,2.54E-16,4,4,4
1.50E-15,3.36E-16,1300,1,4,4,-1.45E-16,2.52E-16,4,4,4
1.44E-15,3.37E-16,1301,1,4,4,-1.56E-16,2.49E-16,4,4,4
1.38E-15,3.39E-16,1302,1,4,4,-1.68E-16,2.47E-16,4,4,4
1.33E-15,3.41E-16,1303,1,4,4,-1.79E-16,2.44E-16,4,4,4
1.27E-15,3.43E-16,1304,1,4,4,-1.90E-16,2.42E-16,4,4,4
1.22E-15,3.45E-16,1305,1,4,4,-2.01E-16,2.39E-16,4,4,4
1.16E-15,3.46E-16,1306,1,4,4,-2.12E-16,2.37E-16,4,4,4
1.10E-15,3.48E-16,1307,1,4,4,-2.23E-16,2.34E-16,4,4,4
1.05E-15,3.50E-16,1308,1,4,4,-2.34E-16,2.32E-16,4,4,4
9.92E-16,3.51E-16,1309,1,4,4,-2.45E-16,2.29E-16,4,4,4
9.37E-16,3.53E-16,1310,1,4,4,-2.56E-16,2.27E-16,4,4,4
8.82E-16,3.54E-16,1311,1,4,4,-2.67E-16,2.25E-16,4,4,4
8.27E-16,3.56E-16,1312,1,4,4,-2.78E-16,2.22E-16,4,4,4
7.73E-16,3.58E-16,1313,1,4,4,-2.88E-16,2.20E-16,4,4,4
7.19E-16,3.59E-16,1314,1,4,4,-2.99E-16,2.17E-16,4,4,4
6.65E-16,3.61E-16,1315,1,4,4,-3.10E-16,2.15E-16,4,4,4
6.12E-16,3.62E-16,1316,1,4,4,-3.20E-16,2.12E-16,4,4,4
5.58E-16,3.64E-16,1317,1,4,4,-3.30E-16,2.10E-16,4,4,4
5.05E-16,3.65E-16,1318,1,4,4,-3.41E-16,2.08E-16,4,4,4
4.53E-16,3.66E-16,1319,1,4,4,-3.51E-16,2.05E-16,4,4,4
4.00E-16,3.68E-16,1320,1,4,4,-3.61E-16,2.03E-16,4,4,4
3.48E-16,3.69E-16,1321,1,4,4,-3.72E-16,2.00E-16,4,4,4
2.96E-16,3.71E-16,1322,1,4,4,-3.82E-16,1.98E-16,4,4,4
2.45E-16,3.72E-16,1323,1,4,4,-3.92E-16,1.96E-16,4,4,4
1.94E-16,3.73E-16,1324,1,4,4,-4.02E-16,1.93E-16,4,4,4
1.43E-16,3.74E-16,1325,1,4,4,-4.11E-16,1.91E-16,4,4,4
9.22E-17,3.76E-16,1326,1,4,4,-4.21E-16,1.89E-16,4,4,4
4.19E-17,3.77E-16,1327,1,4,4,-4.31E-16,1.86E-16,4,4,4
-8.05E-18,3.78E-16,1328,1,4,4,-4.41E-16,1.84E-16,4,4,4
-5.77E-17,3.79E-16,1329,1,4,4,-4.50E-16,1.81E-16,4,4,4
-1.07E-16,3.80E-16,1330,1,4,4,-4.60E-16,1.79E-16,4,4,4
-1.56E-16,3.82E-16,1331,1,4,4,-4.69E-16,1.77E-16,4,4,4
-2.05E-16,3.83E-16,1332,1,4,4,-4.78E-16,1.74E-16,4,4,4
-2.53E-16,3.84E-16,1333,1,4,4,-4.88E-16,1.72E-16,4,4,4
-3.01E-16,3.85E-16,1334,1,4,4,-4.97E-16,1.70E-16,4,4,4
-3.48E-16,3.86E-16,1335,1,4,4,-5.06E-16,1.68E-16,4,4,4
-3.96E-16,3.87E-16,1336,1,4,4,-5.15E-16,1.65E-16,4,4,4
-4.42E-16,3.88E-16,1337,1,4,4,-5.24E-16,1.63E-16,4,4,4
-4.89E-16,3.89E-16,1338,1,4,4,-5.33E-16,1.61E-16,4,4,4
-5.35E-16,3.90E-16,1339,1,4,4,-5.41E-16,1.58E-16,4,4,4
-5.81E-16,3.91E-16,1340,1,4,4,-5.50E-16,1.56E-16,4,4,4
-6.26E-16,3.91E-16,1341,1,4,4,-5.59E-16,1.54E-16,4,4,4
-6.71E-16,3.92E-16,1342,1,4,4,-5.67E-16,1.52E-16,4,4,4
-7.16E-16,3.93E-16,1343,1,4,4,-5.76E-16,1.49E-16,4,4,4
-7.60E-16,3.94E-16,1344,1,4,4,-5.84E-16,1.47E-16,4,4,4
-8.04E-16,3.94E-16,1345,1,4,4,-5.92E-16,1.45E-16,4,4,4
-8.48E-16,3.95E-16,1346,1,4,4,-6.00E-16,1.43E-16,4,4,4
-8.91E-16,3.96E-16,1347,1,4,4,-6.08E-16,1.41E-16,4,4,4
-9.33E-16,3.97E-16,1348,1,4,4,-6.16E-16,1.38E-16,4,4,4
-9.76E-16,3.97E-16,1349,1,4,4,-6.24E-16,1.36E-16,4,4,4
-1.02E-15,3.98E-16,1350,1,4,4,-6.32E-16,1.34E-16,4,4,4
-1.06E-15,3.98E-16,1351,1,4,4,-6.40E-16,1.32E-16,4,4,4
-1.10E-15,3.99E-16,1352,1,4,4,-6.47E-16,1.30E-16,4,4,4
-1.14E-15,3.99E-16,1353,1,4,4,-6.55E-16,1.27E-16,4,4,4
-1.18E-15,4.00E-16,1354,1,4,4,-6.62E-16,1.25E-16,4,4,4
-1.22E-15,4.00E-16,1355,1,4,4,-6.69E-16,1.23E-16,4,4,4
-1.26E-15,4.01E-16,1356,1,4,4,-6.77E-16,1.21E-16,4,4,4
-1.30E-15,4.01E-16,1357,1,4,4,-6.84E-16,1.19E-16,4,4,4
-1.34E-15,4.01E-16,1358,1,4,4,-6.91E-16,1.17E-16,4,4,4
-1.38E-15,4.02E-16,1359,1,4,4,-6.98E-16,1.15E-16,4,4,4
-1.41E-15,4.02E-16,1360,1,4,4,-7.04E-16,1.13E-16,4,4,4
-1.45E-15,4.02E-16,1361,1,4,4,-7.11E-16,1.11E-16,4,4,4
-1.49E-15,4.02E-16,1362,1,4,4,-7.18E-16,1.09E-16,4,4,4
-1.52E-15,4.03E-16,1363,1,4,4,-7.24E-16,1.07E-16,4,4,4
-1.56E-15,4.03E-16,1364,1,4,4,-7.30E-16,1.05E-16,4,4,4
-1.59E-15,4.03E-16,1365,1,4,4,-7.37E-16,1.03E-16,4,4,4
-1.63E-15,4.03E-16,1366,1,4,4,-7.43E-16,1.01E-16,4,4,4
-1.66E-15,4.03E-16,1367,1,4,4,-7.49E-16,9.85E-17,4,4,4
-1.70E-15,4.03E-16,1368,1,4,4,-7.55E-16,9.65E-17,4,4,4
-1.73E-15,4.03E-16,1369,1,4,4,-7.61E-16,9.46E-17,4,4,4
-1.76E-15,4.03E-16,1370,1,4,4,-7.66E-16,9.26E-17,4,4,4
-1.80E-15,4.03E-16,1371,1,4,4,-7.72E-16,9.07E-17,4,4,4
-1.83E-15,4.03E-16,1372,1,4,4,-7.77E-16,8.87E-17,4,4,4
-1.86E-15,4.03E-16,1373,1,4,4,-7.83E-16,8.68E-17,4,4,4
-1.89E-15,4.03E-16,1374,1,4,4,-7.88E-16,8.49E-17,4,4,4
-1.92E-15,4.02E-16,1375,1,4,4,-7.93E-16,8.30E-17,4,4,4
-1.95E-15,4.02E-16,1376,1,4,4,-7.98E-16,8.11E-17,4,4,4
-1.98E-15,4.02E-16,1377,1,4,4,-8.03E-16,7.93E-17,4,4,4
-2.01E-15,4.01E-16,1378,1,4,4,-8.08E-16,7.74E-17,4,4,4
-2.04E-15,4.01E-16,1379,1,4,4,-8.12E-16,7.56E-17,4,4,4
-2.06E-15,4.01E-16,1380,1,4,4,-8.17E-16,7.37E-17,4,4,4
-2.09E-15,4.00E-16,1381,1,4,4,-8.21E-16,7.19E-17,4,4,4
-2.12E-15,4.00E-16,1382,1,4,4,-8.26E-16,7.01E-17,4,4,4
-2.15E-15,3.99E-16,1383,1,4,4,-8.30E-16,6.83E-17,4,4,4
-2.17E-15,3.99E-16,1384,1,4,4,-8.34E-16,6.66E-17,4,4,4
-2.20E-15,3.98E-16,1385,1,4,4,-8.38E-16,6.48E-17,4,4,4
-2.22E-15,3.98E-16,1386,1,4,4,-8.41E-16,6.31E-17,4,4,4
-2.24E-15,3.97E-16,1387,1,4,4,-8.45E-16,6.13E-17,4,4,4
-2.27E-15,3.96E-16,1388,1,4,4,-8.49E-16,5.96E-17,4,4,4
-2.29E-15,3.96E-16,1389,1,4,4,-8.52E-16,5.79E-17,4,4,4
-2.31E-15,3.95E-16,1390,1,4,4,-8.55E-16,5.62E-17,4,4,4
-2.34E-15,3.94E-16,1391,1,4,4,-8.58E-16,5.46E-17,4,4,4
-2.36E-15,3.93E-16,1392,1,4,4,-8.61E-16,5.29E-17,4,4,4
-2.38E-15,3.92E-16,1393,1,4,4,-8.64E-16,5.13E-17,4,4,4
-2.40E-15,3.91E-16,1394,1,4,4,-8.67E-16,4.97E-17,4,4,4
-2.42E-15,3.90E-16,1395,1,4,4,-8.70E-16,4.81E-17,4,4,4
-2.44E-15,3.89E-16,1396,1,4,4,-8.72E-16,4.65E-17,4,4,4
-2.45E-15,3.88E-16,1397,1,4,4,-8.74E-16,4.49E-17,4,4,4
-2.47E-15,3.87E-16,1398,1,4,4,-8.77E-16,4.33E-17,4,4,4
-2.49E-15,3.86E-16,1399,1,4,4,-8.79E-16,4.18E-17,4,4,4
-2.51E-15,3.85E-16,1400,1,4,4,-8.81E-16,4.03E-17,4,4,4
-2.52E-15,3.84E-16,1401,1,4,4,-8.82E-16,3.88E-17,4,4,4
-2.54E-15,3.83E-16,1402,1,4,4,-8.84E-16,3.73E-17,4,4,4
-2.55E-15,3.81E-16,1403,1,4,4,-8.86E-16,3.58E-17,4,4,4
-2.57E-15,3.80E-16,1404,1,4,4,-8.87E-16,3.44E-17,4,4,4
-2.58E-15,3.79E-16,1405,1,4,4,-8.88E-16,3.29E-17,4,4,4
-2.59E-15,3.77E-16,1406,1,4,4,-8.89E-16,3.15E-17,4,4,4
-2.60E-15,3.76E-16,1407,1,4,4,-8.90E-16,3.01E-17,4,4,4
-2.62E-15,3.74E-16,1408,1,4,4,-8.91E-16,2.87E-17,4,4,4
-2.63E-15,3.73E-16,1409,1,4,4,-8.92E-16,2.73E-17,4,4,4
-2.64E-15,3.71E-16,1410,1,4,4,-8.92E-16,2.60E-17,4,4,4
-2.65E-15,3.70E-16,1411,1,4,4,-8.92E-16,2.47E-17,4,4,4
-2.66E-15,3.68E-16,1412,1,4,4,-8.93E-16,2.33E-17,4,4,4
-2.66E-15,3.66E-16,1413,1,4,4,-8.93E-16,2.20E-17,4,4,4
-2.67E-15,3.64E-16,1414,1,4,4,-8.93E-16,2.08E-17,4,4,4
-2.68E-15,3.63E-16,1415,1,4,4,-8.92E-16,1.95E-17,4,4,4
-2.68E-15,3.61E-16,1416,1,4,4,-8.92E-16,1.83E-17,4,4,4
-2.69E-15,3.59E-16,1417,1,4,4,-8.91E-16,1.70E-17,4,4,4
-2.70E-15,3.57E-16,1418,1,4,4,-8.91E-16,1.58E-17,4,4,4
-2.70E-15,3.55E-16,1419,1,4,4,-8.90E-16,1.47E-17,4,4,4
-2.70E-15,3.53E-16,1420,1,4,4,-8.89E-16,1.35E-17,4,4,4
-2.71E-15,3.51E-16,1421,1,4,4,-8.88E-16,1.24E-17,4,4,4
-2.71E-15,3.49E-16,1422,1,4,4,-8.86E-16,1.12E-17,4,4,4
-2.71E-15,3.47E-16,1423,1,4,4,-8.85E-16,1.01E-17,4,4,4
-2.71E-15,3.45E-16,1424,1,4,4,-8.83E-16,9.05E-18,4,4,4
-2.71E-15,3.42E-16,1425,1,4,4,-8.81E-16,7.99E-18,4,4,4
-2.71E-15,3.40E-16,1426,1,4,4,-8.79E-16,6.94E-18,4,4,4
-2.71E-15,3.38E-16,1427,1,4,4,-8.77E-16,5.92E-18,4,4,4
-2.71E-15,3.36E-16,1428,1,4,4,-8.75E-16,4.92E-18,4,4,4
-2.70E-15,3.33E-16,1429,1,4,4,-8.72E-16,3.94E-18,4,4,4
-2.70E-15,3.31E-16,1430,1,4,4,-8.70E-16,2.98E-18,4,4,4
-2.70E-15,3.28E-16,1431,1,4,4,-8.67E-16,2.04E-18,4,4,4
-2.69E-15,3.26E-16,1432,1,4,4,-8.64E-16,1.12E-18,4,4,4
-2.69E-15,3.23E-16,1433,1,4,4,-8.61E-16,2.22E-19,4,4,4
-2.68E-15,3.20E-16,1434,1,4,4,-8.58E-16,-6.53E-19,4,4,4
-2.67E-15,3.18E-16,1435,1,4,4,-8.54E-16,-1.51E-18,4,4,4
-2.67E-15,3.15E-16,1436,1,4,4,-8.50E-16,-2.34E-18,4,4,4
-2.66E-15,3.12E-16,1437,1,4,4,-8.47E-16,-3.15E-18,4,4,4
-2.65E-15,3.09E-16,1438,1,4,4,-8.43E-16,-3.94E-18,4,4,4
-2.64E-15,3.06E-16,1439,1,4,4,-8.39E-16,-4.70E-18,4,4,4
-2.63E-15,3.04E-16,1440,1,4,4,-8.34E-16,-5.45E-18,4,4,4
-2.62E-15,3.01E-16,1441,1,4,4,-8.30E-16,-6.17E-18,4,4,4
-2.60E-15,2.98E-16,1442,1,4,4,-8.25E-16,-6.87E-18,4,4,4
-2.59E-15,2.94E-16,1443,1,4,4,-8.20E-16,-7.54E-18,4,4,4
-2.58E-15,2.91E-16,1444,1,4,4,-8.15E-16,-8.20E-18,4,4,4
-2.56E-15,2.88E-16,1445,1,4,4,-8.10E-16,-8.83E-18,4,4,4
-2.55E-15,2.85E-16,1446,1,4,4,-8.05E-16,-9.44E-18,4,4,4
-2.53E-15,2.82E-16,1447,1,4,4,-7.99E-16,-1.00E-17,4,4,4
-2.51E-15,2.78E-16,1448,1,4,4,-7.93E-16,-1.06E-17,4,4,4
-2.49E-15,2.75E-16,1449,1,4,4,-7.87E-16,-1.11E-17,4,4,4
-2.48E-15,2.72E-16,1450,1,4,4,-7.81E-16,-1.16E-17,4,4,4
-2.46E-15,2.68E-16,1451,1,4,4,-7.75E-16,-1.21E-17,4,4,4
-2.44E-15,2.65E-16,1452,1,4,4,-7.68E-16,-1.26E-17,4,4,4
-2.42E-15,2.61E-16,1453,1,4,4,-7.62E-16,-1.30E-17,4,4,4
-2.39E-15,2.57E-16,1454,1,4,4,-7.55E-16,-1.34E-17,4,4,4
-2.37E-15,2.54E-16,1455,1,4,4,-7.48E-16,-1.38E-17,4,4,4
-2.35E-15,2.50E-16,1456,1,4,4,-7.41E-16,-1.42E-17,4,4,4
-2.32E-15,2.46E-16,1457,1,4,4,-7.33E-16,-1.45E-17,4,4,4
-2.30E-15,2.42E-16,1458,1,4,4,-7.26E-16,-1.49E-17,4,4,4
-2.27E-15,2.38E-16,1459,1,4,4,-7.18E-16,-1.52E-17,4,4,4
-2.25E-15,2.34E-16,1460,1,4,4,-7.10E-16,-1.54E-17,4,4,4
-2.22E-15,2.30E-16,1461,1,4,4,-7.02E-16,-1.57E-17,4,4,4
-2.19E-15,2.26E-16,1462,1,4,4,-6.93E-16,-1.59E-17,4,4,4
-2.16E-15,2.22E-16,1463,1,4,4,-6.85E-16,-1.61E-17,4,4,4
-2.13E-15,2.18E-16,1464,1,4,4,-6.76E-16,-1.62E-17,4,4,4
-2.10E-15,2.14E-16,1465,1,4,4,-6.67E-16,-1.64E-17,4,4,4
-2.07E-15,2.10E-16,1466,1,4,4,-6.58E-16,-1.65E-17,4,4,4
-2.03E-15,2.05E-16,1467,1,4,4,-6.48E-16,-1.66E-17,4,4,4
-2.00E-15,2.01E-16,1468,1,4,4,-6.39E-16,-1.67E-17,4,4,4
-1.97E-15,1.97E-16,1469,1,4,4,-6.29E-16,-1.67E-17,4,4,4
-1.93E-15,1.92E-16,1470,1,4,4,-6.19E-16,-1.67E-17,4,4,4
-1.89E-15,1.88E-16,1471,1,4,4,-6.09E-16,-1.67E-17,4,4,4
-1.86E-15,1.83E-16,1472,1,4,4,-5.99E-16,-1.66E-17,4,4,4
-1.82E-15,1.78E-16,1473,1,4,4,-5.88E-16,-1.66E-17,4,4,4
-1.78E-15,1.74E-16,1474,1,4,4,-5.77E-16,-1.65E-17,4,4,4
-1.74E-15,1.69E-16,1475,1,4,4,-5.67E-16,-1.63E-17,4,4,4
-1.70E-15,1.64E-16,1476,1,4,4,-5.55E-16,-1.62E-17,4,4,4
-1.66E-15,1.59E-16,1477,1,4,4,-5.44E-16,-1.60E-17,4,4,4
-1.62E-15,1.54E-16,1478,1,4,4,-5.32E-16,-1.58E-17,4,4,4
-1.57E-15,1.49E-16,1479,1,4,4,-5.21E-16,-1.56E-17,4,4,4
-1.53E-15,1.44E-16,1480,1,4,4,-5.09E-16,-1.53E-17,4,4,4
-1.48E-15,1.39E-16,1481,1,4,4,-4.96E-16,-1.50E-17,4,4,4
-1.44E-15,1.34E-16,1482,1,4,4,-4.84E-16,-1.47E-17,4,4,4
-1.39E-15,1.29E-16,1483,1,4,4,-4.71E-16,-1.43E-17,4,4,4
-1.34E-15,1.24E-16,1484,1,4,4,-4.59E-16,-1.40E-17,4,4,4
-1.29E-15,1.18E-16,1485,1,4,4,-4.46E-16,-1.35E-17,4,4,4
-1.24E-15,1.13E-16,1486,1,4,4,-4.32E-16,-1.31E-17,4,4,4
-1.19E-15,1.08E-16,1487,1,4,4,-4.19E-16,-1.26E-17,4,4,4
-1.14E-15,1.02E-16,1488,1,4,4,-4.05E-16,-1.22E-17,4,4,4
-1.09E-15,9.65E-17,1489,1,4,4,-3.91E-16,-1.16E-17,4,4,4
-1.03E-15,9.09E-17,1490,1,4,4,-3.77E-16,-1.11E-17,4,4,4
-9.78E-16,8.53E-17,1491,1,4,4,-3.63E-16,-1.05E-17,4,4,4
-9.22E-16,7.95E-17,1492,1,4,4,-3.48E-16,-9.89E-18,4,4,4
-8.65E-16,7.38E-17,1493,1,4,4,-3.33E-16,-9.25E-18,4,4,4
-8.08E-16,6.79E-17,1494,1,4,4,-3.18E-16,-8.57E-18,4,4,4
-7.49E-16,6.20E-17,1495,1,4,4,-3.03E-16,-7.87E-18,4,4,4
-6.89E-16,5.60E-17,1496,1,4,4,-2.88E-16,-7.14E-18,4,4,4
-6.29E-16,5.00E-17,1497,1,4,4,-2.72E-16,-6.38E-18,4,4,4
-5.69E-16,4.41E-17,1498,1,4,4,-2.56E-16,-5.59E-18,4,4,4
-5.24E-16,3.98E-17,1499,1,4,4,-2.40E-16,-4.76E-18,4,4,4
-4.79E-16,3.55E-17,1500,1,4,4,-2.24E-16,-3.91E-18,4,4,4
