,time,C0,C1
0,0.0,0.0,0.0
1,1.0,5.804957696142144e-285,5.82781340599893e-285
2,2.0,1.3340239540929371e-152,1.3450480189884214e-152
3,3.0,1.2928985802855065e-96,1.3123415552802523e-96
4,4.0,3.830074614795281e-67,3.924016079188461e-67
5,5.0,1.923465619229317e-49,1.9937214817258112e-49
6,6.0,6.82412786236496e-38,7.166912964163072e-38
7,7.0,7.675203010775319e-30,8.178276493597986e-30
8,8.0,5.586514812366393e-24,6.045884144417361e-24
9,9.0,1.4232357326272078e-19,1.5656265176027944e-19
10,10.0,3.5078620460002077e-16,3.924445417431099e-16
11,11.0,1.6012977500267997e-13,1.822442145104715e-13
12,12.0,2.0897644671131016e-11,2.4195544354252722e-11
13,13.0,1.053691964027691e-09,1.2408043794674388e-09
14,14.0,2.5472827175888622e-08,3.0492820266060695e-08
15,15.0,3.460991867090446e-07,4.208398401580209e-07
16,16.0,2.9787472836520397e-06,3.6753812205819706e-06
17,17.0,1.7799876199375452e-05,2.225856622981371e-05
18,18.0,7.931756417626048e-05,0.00010037797991243184
19,19.0,0.000278821599929403,0.00035653396838010334
20,20.0,0.0008085445077737629,0.001042949880156384
21,21.0,0.0020045603144450736,0.002603941446785755
22,22.0,0.004372375621747681,0.00571032920956169
23,23.0,0.008586176364263341,0.011256034748825233
24,24.0,0.015463574046057436,0.02031861180442432
25,25.0,0.02592497068086,0.034096800507667446
26,26.0,0.04094702960943423,0.05383981196628175
27,27.0,0.06151406982938971,0.0807758416758368
28,28.0,0.08856365845158799,0.11603695521603756
29,29.0,0.12292049591355024,0.16057354312593372
30,30.0,0.16522055727024795,0.21506041380282984
31,31.0,0.215839866441924,0.279811878038727
32,32.0,0.2748474888795833,0.35472998333724887
33,33.0,0.34199523537350984,0.4393012701187354
34,34.0,0.41674318846811326,0.5326402305156078
35,35.0,0.4983097942193083,0.6335640915964678
36,36.0,0.5857322611608619,0.7406796126587183
37,37.0,0.6779258638319162,0.8524665089505915
38,38.0,0.7737357430501669,0.9673489666248117
39,39.0,0.8719791300251323,1.083752666491332
40,40.0,0.9714785506269987,1.2001483223829985
41,41.0,1.0710876384994,1.3150841675549874
42,42.0,1.1697112763768711,1.4272099028880791
43,43.0,1.2663214321823277,1.5352941136228377
44,44.0,1.3599696085122135,1.6382365493076423
45,45.0,1.4497964507124017,1.7350761679571027
46,46.0,1.5350388120903933,1.824995527386981
47,47.0,1.615034446225807,1.9073219409551776
48,48.0,1.6892244541166,1.9815257525093217
49,49.0,1.7571536236486875,2.0472160792150986
50,50.0,1.818468832938882,2.1041343868368445
51,51.0,1.872915727898545,2.1521462782887695
52,52.0,1.9203339168469409,2.191231882584674
53,53.0,1.9606509456466632,2.2214752239800633
54,54.0,1.9938753243111742,2.2430529308054936
55,55.0,2.0200888713302487,2.2562226128437017
56,56.0,2.039438627245203,2.261311198371742
57,57.0,2.052128566869472,2.258703480419777
58,58.0,2.0584113125325625,2.2488310795315862
59,59.0,2.0585800211016734,2.2321619835698248
60,60.0,2.0529605872933763,2.209190789266729
61,61.0,2.0419042757793844,2.180429756474171
62,62.0,2.0257808624716724,2.1464006846791976
63,63.0,2.0049723527592143,2.107627680116064
64,64.0,1.9798673122963386,2.0646308047868334
65,65.0,1.9508558096314905,2.0179205893854526
66,66.0,1.918324991461524,1.9679933817853168
67,67.0,1.8826552692231366,1.9153274881156244
68,68.0,1.8442170913315536,1.8603800546594136
69,69.0,1.8033682699088676,1.803584632825438
70,70.0,1.7604518237393625,1.745349365812474
71,71.0,1.715794295205478,1.6860557339570645
72,72.0,1.6697044967869747,1.626057795784017
73,73.0,1.6224726419302087,1.5656818631379348
74,74.0,1.5743698154631365,1.5052265511705776
75,75.0,1.525647740011551,1.4449631471347069
76,76.0,1.4765387968514136,1.3851362456657965
77,77.0,1.4272562621242355,1.3259646023268294
78,78.0,1.3779947221867133,1.2676421614877746
79,79.0,1.3289306349255356,1.2103392189771591
80,80.0,1.2802230070309648,1.1542036842717174
81,81.0,1.2320141603959391,1.099362411196777
82,82.0,1.1844305639181765,1.045922570130526
83,83.0,1.1375837099748316,0.9939730384926171
84,84.0,1.09157101767068,0.9435857898193646
85,85.0,1.0464767476020027,0.8948172649628012
86,86.0,1.0023729153138452,0.8477097119000558
87,87.0,0.9593201928398909,0.8022924832713957
88,88.0,0.9173687897071888,0.7585832831306749
89,89.0,0.8765593065672772,0.7165893564693118
90,90.0,0.8369235561742459,0.6763086168779234
91,91.0,0.7984853477941928,0.6377307092756296
92,92.0,0.76126123230461,0.6008380059688655
93,93.0,0.7252612062425319,0.5656065354243431
94,94.0,0.6904893739019649,0.5320068440742691
95,95.0,0.6569445672790696,0.5000047922349492
96,96.0,0.6246209242342657,0.46956228583353554
97,97.0,0.5935084256973189,0.4406379461180371
98,98.0,0.5635933930998093,0.4131877198916051
99,99.0,0.5348589474919382,0.3871654330787758
100,100.0,0.5072854319998543,0.3625232906134963
101,101.0,0.48085079941670894,0.33921232574957316
102,102.0,0.45553096680571936,0.31718280194554893
103,103.0,0.43130013903554637,0.2963845704784164
104,104.0,0.4081311031754457,0.27676738690330177
105,105.0,0.3859954956567752,0.2582811894073711
106,106.0,0.3648640440647005,0.2408763420127048
107,107.0,0.3447067853645256,0.22450384547076377
108,108.0,0.3254932622953603,0.20911551856537128
109,109.0,0.3071926995835709,0.19466415240617863
110,110.0,0.2897741615426965,0.1811036401538709
111,111.0,0.2732066925377465,0.1683890844748705
112,112.0,0.25745944170209323,0.156476884879333
113,113.0,0.2425017732060775,0.1453248069537449
114,114.0,0.228303363289236,0.1348920353598738
115,115.0,0.21483428518366107,0.12513921233635875
116,116.0,0.2020650829750822,0.11602846330873766
117,117.0,0.18996683537120887,0.10752341108865923
118,118.0,0.17851121027418973,0.09958918002414728
119,119.0,0.16767051098556543,0.09219239134990956
120,120.0,0.1574177148081061,0.08530115088026954
121,121.0,0.14772650474925478,0.07888503008718695
122,122.0,0.13857129497545131,0.07291504151200325
123,123.0,0.12992725061522303,0.06736360937184911
124,124.0,0.12177030246139509,0.06220453613992357
125,125.0,0.11407715707886915,0.057412965802856944
126,126.0,0.10682530278392292,0.05296534442788063
127,127.0,0.0999930119236389,0.048839378607290033
128,128.0,0.0935593398496621,0.04501399228742139
129,129.0,0.0875041209487675,0.041469282433829455
130,130.0,0.08180796206348605,0.03818647393325669
131,131.0,0.07645223360906661,0.03514787408608257
132,132.0,0.0714190586681663,0.03233682699996562
133,133.0,0.06669130032166776,0.029737668156098584
134,134.0,0.06225254745276328,0.027335679383645096
135,135.0,0.058087099241768296,0.025117044445284294
136,136.0,0.054179948550893975,0.023068805407143178
137,137.0,0.05051676438129773,0.021178819939529726
138,138.0,0.04708387356903264,0.019435719670595975
139,139.0,0.04386824187192297,0.017828869693184476
140,140.0,0.04085745458583349,0.01634832930543364
141,141.0,0.03803969681617175,0.01498481404811155
142,142.0,0.035403733518714266,0.013729659085952056
143,143.0,0.03293888941292734,0.01257478396737257
144,144.0,0.030635028860738888,0.011512658777565105
145,145.0,0.02848253579401156,0.010536271706755272
146,146.0,0.026472293765796403,0.009639098022507866
147,147.0,0.02459566619149085,0.00881507044395336
148,148.0,0.022844476838784572,0.008058550901284604
149,149.0,0.02121099061796784,0.007364303659594671
150,150.0,0.019687894718021837,0.0067274697811525236
151,151.0,0.018268280127239352,0.006143542894205127
152,152.0,0.016945623571949824,0.005608346234429737
153,153.0,0.01571376990141451,0.00511801092113069
154,154.0,0.014566914942666724,0.004668955429218147
155,155.0,0.013499588843971545,0.004257866214364394
156,156.0,0.012506639922126476,0.003881679448996924
157,157.0,0.011583219024787551,0.003537563825009118
158,158.0,0.010724764416169263,0.0032229043796080797
159,159.0,0.009926987190688429,0.0029352872990855406
160,160.0,0.009185857216968922,0.002672485656659824
161,161.0,0.008497589611806671,0.002432446040254134
162,162.0,0.007858631741955885,0.0022132760274543336
163,163.0,0.007265650748934038,0.002013232464549673
164,164.0,0.006715521590838249,0.0018307105084166921
165,165.0,0.006205315593339149,0.0016642333906124395
166,166.0,0.005732289501083766,0.001512442864774258
167,167.0,0.005293875018983782,0.0013740902988530763
168,168.0,0.004887668832329634,0.001248028375678949
169,169.0,0.004511423093618643,0.0011332033664265679
170,170.0,0.00416303636361699,0.0010286479433294282
171,171.0,0.0038405449931303588,0.0009334744988256934
172,172.0,0.0035421149318703897,0.0008468689401798977
173,173.0,0.003266033950331814,0.0007680849298812978
174,174.0,0.003010704260601361,0.000696438543769036
175,175.0,0.0027746355215063595,0.0006313033198324133
176,176.0,0.002556438213704223,0.0005721056722805644
177,177.0,0.0023548173702475548,0.0005183206467262358
178,178.0,0.0021685666484015523,0.00046946799377704546
179,179.0,0.0019965627283499397,0.00042510853933241027
180,180.0,0.0018377600247756936,0.0003848408312672958
181,181.0,0.0016911856975075042,0.000348298043337102
182,182.0,0.001555934947785423,0.00031514511835462587
183,183.0,0.0014311665868150117,0.0002850761336040814
184,184.0,0.0013160988636897648,0.00025781187260185215
185,185.0,0.0012100055401338865,0.0002330975882938486
186,186.0,0.0011122121999252426,0.00021070094378744078
187,187.0,0.001022092781128489,0.0001904101174953661
188,188.0,0.0009390663196878213,0.00017203206048522956
189,189.0,0.0008625938933801503,0.00015539089464547718
190,190.0,0.0007921757555416313,0.00014032644107190103
191,191.0,0.0007273486483232759,0.00012669286874040695
192,192.0,0.0006676832856340134,0.00011435745422491487
193,193.0,0.000612781996393826,0.0001031994439061888
194,194.0,0.000562276519113705,9.310901070074081e-05
195,195.0,0.0005158259391805654,8.398629790720926e-05
196,196.0,0.00047311476058927,7.57405432665337e-05
197,197.0,0.0004338511043123344,6.828927689105427e-05
198,198.0,0.00039776502584598097,6.155758716087956e-05
199,199.0,0.0003646069448306302,5.547744911915798e-05
200,200.0,0.00033414617995112633,4.998711029318407e-05
201,201.0,0.00030616958273786866,4.503052927872287e-05
202,202.0,0.00028048026418561826,4.0556862769209695e-05
203,203.0,0.0002568964084408511,3.651999704788699e-05
204,204.0,0.00023525016806264588,3.287812023846132e-05
205,205.0,0.0002153866357300545,2.9593331939531542e-05
206,206.0,0.00019716288751512817,2.66312871120397e-05
207,207.0,0.00018044709313782005,2.396087134335835e-05
208,208.0,0.00016511768882209672,2.1553904820598246e-05
209,209.0,0.000151062608692156,1.9384872589200097e-05
210,210.0,0.00013817857098917668,1.7430678904993523e-05
211,211.0,0.00012637041548152063,1.5670423618821456e-05
212,212.0,0.00011555048657983743,1.4085197832708895e-05
213,213.0,0.00010563806418490687,1.265789930248063e-05
214,214.0,9.655883455491953e-05,1.1373063971267775e-05
215,215.0,8.82443985010911e-05,1.0216712265787871e-05
216,216.0,8.063181717505148e-05,9.1762100281958e-06
217,217.0,7.36631906160469e-05,8.240141876619054e-06
218,218.0,6.728526753830026e-05,7.398196193590541e-06
219,219.0,6.144908422711109e-05,6.641060738212941e-06
220,220.0,5.610963009551982e-05,5.960327790581981e-06
221,221.0,5.1225538792165666e-05,5.348408240012424e-06
222,222.0,4.675880175411206e-05,4.7984533755213046e-06
223,223.0,4.267450436331656e-05,4.304284285629466e-06
224,224.0,3.894058108424842e-05,3.8603275049751e-06
225,225.0,3.552759020401166e-05,3.4615570018691043e-06
226,226.0,3.2408504894166195e-05,3.1034413260404894e-06
227,227.0,2.9558521094593918e-05,2.7818959838369426e-06
228,228.0,2.6954879472450303e-05,2.4932400882345013e-06
229,229.0,2.4576701753479938e-05,2.2341573004685183e-06
230,230.0,2.240483921344673e-05,2.001660320801817e-06
231,231.0,2.0421733392217266e-05,1.7930588859832982e-06
232,232.0,1.861128733316395e-05,1.6059307204603355e-06
233,233.0,1.6958747167726584e-05,1.4380953390617116e-06
234,234.0,1.5450592831318415e-05,1.287590312433975e-06
235,235.0,1.4074437487002648e-05,1.1526498411992635e-06
236,236.0,1.2818934892573599e-05,1.0316853899439217e-06
237,237.0,1.1673694053592723e-05,9.232681759364582e-07
238,238.0,1.062920080748684e-05,8.261133887830139e-07
239,239.0,9.676745464596274e-06,7.390658914933214e-07
240,240.0,8.80835649308892e-06,6.610873699142481e-07
241,241.0,8.016739265984926e-06,5.912446778609772e-07
242,242.0,7.295219998211266e-06,5.286993780004376e-07
243,243.0,6.637693977129423e-06,4.7269825264898807e-07
244,244.0,6.038578199660983e-06,4.2256479418712283e-07
245,245.0,5.492767669163118e-06,3.7769149298994594e-07
246,246.0,4.995595416723019e-06,3.3753291948710417e-07
247,247.0,4.54279564921516e-06,3.015994610602164e-07
248,248.0,4.130470030657705e-06,2.6945170170953673e-07
249,249.0,3.7550566416285772e-06,2.406953420356108e-07
250,250.0,3.413301563279117e-06,2.1497663822461396e-07
251,251.0,3.1022327600251894e-06,1.9197828537793035e-07
252,252.0,2.8191361503178003e-06,1.7141571663817843e-07
253,253.0,2.5615336560856575e-06,1.5303377195146542e-07
254,254.0,2.3271630654145643e-06,1.366036985335816e-07
255,255.0,2.113959605170473e-06,1.2192045739327286e-07
256,256.0,1.920039006915872e-06,1.0880029300081214e-07
257,257.0,1.7436821969449658e-06,9.707858238812532e-08
258,258.0,1.583320936787482e-06,8.660784506547848e-08
259,259.0,1.437524294924516e-06,7.725589063815671e-08
260,260.0,1.3049877137582112e-06,6.89044005401854e-08
261,261.0,1.1845215770850784e-06,6.144741229284848e-08
262,262.0,1.075041478140484e-06,5.479008084714575e-08
263,263.0,9.755590133636561e-07,4.884751581411805e-08
264,264.0,8.851732430815229e-07,4.3543720429619637e-08
265,265.0,8.030632525797793e-07,3.881069650310111e-08
266,266.0,7.284811359379129e-07,3.458760917595228e-08
267,267.0,6.607456110358443e-07,3.082004147133697e-08
268,268.0,5.992361758131867e-07,2.745932407797927e-08
269,269.0,5.43387777216959e-07,2.446193552659366e-08
270,270.0,4.926859102400184e-07,2.1788960248338835e-08
271,271.0,4.466621524764996e-07,1.940560470332623e-08
272,272.0,4.0489016113591043e-07,1.728077386277122e-08
273,273.0,3.669819218267466e-07,1.5386678499042968e-08
274,274.0,3.3258435358162597e-07,1.369848724018334e-08
275,275.0,3.0137621023494966e-07,1.2194014945628045e-08
276,276.0,2.7306526311325415e-07,1.0853444883709125e-08
277,277.0,2.473856846320482e-07,9.659074528658625e-09
278,278.0,2.2409573213263422e-07,8.595096521629128e-09
279,279.0,2.029755943774909e-07,7.647397494691373e-09
280,280.0,1.838254225952113e-07,6.803377455787642e-09
281,281.0,1.6646354317724091e-07,6.051789141013745e-09
282,282.0,1.5072482797161564e-07,5.382594255360576e-09
283,283.0,1.3645921613991495e-07,4.786835484518397e-09
284,284.0,1.2353033089218335e-07,4.256518822400243e-09
285,285.0,1.1181428256053218e-07,3.784514552522095e-09
286,286.0,1.0119852556626558e-07,3.364462019002339e-09
287,287.0,9.158083388522325e-08,2.9906887450842478e-09
288,288.0,8.286836744351923e-08,2.658136135609085e-09
289,289.0,7.49768233941125e-08,2.362294269254519e-09
290,290.0,6.782965660322753e-08,2.099142102559268e-09
291,291.0,6.13573751885322e-08,1.865094899528007e-09
292,292.0,5.549690550893725e-08,1.6569582128559322e-09
293,293.0,5.0191002137422516e-08,1.4718858070933573e-09
294,294.0,4.5387716251039474e-08,1.3073408729130008e-09
295,295.0,4.1039911641449995e-08,1.1610635077489846e-09
296,296.0,3.710482613051773e-08,1.03104074720808e-09
297,297.0,3.354366448956916e-08,9.154794825227021e-10
298,298.0,3.032125841529339e-08,8.12784435914646e-10
299,299.0,2.7405755445898878e-08,7.215380658186482e-10
300,300.0,2.476824256860869e-08,6.404759370912561e-10
301,301.0,2.2382430197796748e-08,5.684670620323198e-10
302,302.0,2.0224374346001428e-08,5.044959026779964e-10
303,303.0,1.8272679511351727e-08,4.4768202677175725e-10
304,304.0,1.6507635723449832e-08,3.9721825269184843e-10
305,305.0,1.4911662705250415e-08,3.5240725206903574e-10
306,306.0,1.3468643638135407e-08,3.1261553300055657e-10
307,307.0,1.2164129650383423e-08,2.7728987487887723e-10
308,308.0,1.0984902714696405e-08,2.459300087774241e-10
309,309.0,9.91910193132775e-09,2.1809786439072702e-10
310,310.0,8.9558498703472e-09,1.933950822204479e-10
311,311.0,8.085427177478944e-09,1.7147605202328574e-10
312,312.0,7.298893809790294e-09,1.5202418546406183e-10
313,313.0,6.588287187634055e-09,1.3476695789660323e-10
314,314.0,5.946289317121084e-09,1.194551176696812e-10
315,315.0,5.36637171638956e-09,1.0587304391373777e-10
316,316.0,4.842553657787084e-09,9.382514028051698e-11
317,317.0,4.369482926289913e-09,8.314077899093742e-11
318,318.0,3.9422623334151295e-09,7.366557827471438e-11
319,319.0,3.556509604092716e-09,6.526491048569456e-11
320,320.0,3.208208096598351e-09,5.7816318989285706e-11
321,321.0,2.89377385788988e-09,5.121373143581866e-11
322,322.0,2.609916573026261e-09,4.536024400908669e-11
323,323.0,2.3537055144008968e-09,4.017242625989346e-11
324,324.0,2.1224520458392187e-09,3.557414827259458e-11
325,325.0,1.9137588212075802e-09,3.1499479069582366e-11
326,326.0,1.725430609314252e-09,2.7888658532644064e-11
327,327.0,1.5555070629673074e-09,2.4689707789715163e-11
328,328.0,1.4021940140141034e-09,2.1855512046916595e-11
329,329.0,1.2638896416645247e-09,1.934514722590177e-11
330,330.0,1.1391265464117243e-09,1.712139733632881e-11
331,331.0,1.0265972505293492e-09,1.515216793180705e-11
332,332.0,9.25102971003697e-10,1.3408164169078603e-11
333,333.0,8.335765079627702e-10,1.1863913348542048e-11
334,334.0,7.510416029402792e-10,1.0496368360542754e-11
335,335.0,6.766378859975962e-10,9.286164780099843e-12
336,336.0,6.095771618893394e-10,8.215614949266109e-12
337,337.0,5.491497413405036e-10,7.269268654693073e-12
338,338.0,4.947110123531786e-10,6.433208605374394e-12
339,339.0,4.456728874793805e-10,5.694245711535448e-12
340,340.0,4.014881739044641e-10,5.040700808747019e-12
341,341.0,3.616438869126455e-10,4.461181605142619e-12
342,342.0,3.257010779938126e-10,3.9466247208850066e-12
343,343.0,2.933816731251908e-10,3.494081025122806e-12
344,344.0,2.642626183263461e-10,3.093769399167755e-12
345,345.0,2.380109530849742e-10,2.7391779715624846e-12
346,346.0,2.143398257786221e-10,2.424895918584864e-12
347,347.0,1.9304292753446983e-10,2.147565308213137e-12
348,348.0,1.7384801706064913e-10,1.9018030488597998e-12
349,349.0,1.565298925063032e-10,1.6833363607456437e-12
350,350.0,1.4090248844117635e-10,1.4889732519271577e-12
351,351.0,1.2685347767008567e-10,1.3178321221219075e-12
352,352.0,1.1419326993153274e-10,1.1661184989245277e-12
353,353.0,1.0277613312409766e-10,1.0313626639284412e-12
354,354.0,9.248093651674169e-11,9.11678620984183e-13
355,355.0,8.322994737730813e-11,8.063198410259457e-13
356,356.0,7.489964165063553e-11,7.130914127896365e-13
357,357.0,6.739196862993629e-11,6.304331921756816e-13
358,358.0,6.06266447395339e-11,5.571791416001517e-13
359,359.0,5.455540742537692e-11,4.929523261195721e-13
360,360.0,4.909135626646773e-11,4.362338758810909e-13
361,361.0,4.4166255375996225e-11,3.859372191822255e-13
362,362.0,3.9726668782688736e-11,3.413115031865494e-13
363,363.0,3.574646124417974e-11,3.022934600528792e-13
364,364.0,3.216347673938171e-11,2.677560376148041e-13
365,365.0,2.893219376443978e-11,2.369741107485204e-13
366,366.0,2.6017642890481236e-11,2.0950039982973948e-13
367,367.0,2.3403136391439866e-11,1.854213684834268e-13
368,368.0,2.1048651906861313e-11,1.6403894102740842e-13
369,369.0,1.8925894301261284e-11,1.4499832279139783e-13
370,370.0,1.7012271262413227e-11,1.2803949374071427e-13
371,371.0,1.5293791396816428e-11,1.1304546009482073e-13
372,372.0,1.3747105375628384e-11,9.97457165617345e-14
373,373.0,1.2354502766778933e-11,8.796450400010176e-14
374,374.0,1.1101217092149431e-11,7.754815555008643e-14
375,375.0,9.97639555971615e-12,6.836112623631387e-14
376,376.0,8.965304238518106e-12,6.026761173560363e-14
377,377.0,8.055630086865383e-12,5.313634543254593e-14
378,378.0,7.2387385278106146e-12,4.689504304626515e-14
379,379.0,6.5114574843192324e-12,4.1563665076677524e-14
380,380.0,5.863278304901751e-12,3.701437893785013e-14
381,381.0,5.287459774638758e-12,3.317948595784298e-14
382,382.0,4.777746063620712e-12,2.998974089904266e-14
383,383.0,4.32819182686152e-12,2.7370902232904464e-14
384,384.0,3.932987304212143e-12,2.524028241469459e-14
385,385.0,3.5862834202741846e-12,2.350329815823215e-14
386,386.0,3.2736958256950745e-12,2.199610117001427e-14
387,387.0,2.9813294475904425e-12,2.0601050721113526e-14
388,388.0,2.7143465597227828e-12,1.9323332142994683e-14
389,389.0,2.4680588155502713e-12,1.808831978620607e-14
390,390.0,2.2382393098767247e-12,1.6823184828541807e-14
391,391.0,2.0211225788516014e-12,1.5456895275041755e-14
392,392.0,1.8134045999700015e-12,1.3920215957991557e-14
393,393.0,1.6220718141155964e-12,1.2367786821237877e-14
394,394.0,1.4771116508985836e-12,1.1525912975227128e-14
395,395.0,1.3469999046801315e-12,1.0741588525257218e-14
396,396.0,1.2292475317247017e-12,9.992081565884626e-15
397,397.0,1.1213654882967558e-12,9.25466019166583e-15
398,398.0,1.0208647306607558e-12,8.506592497157311e-15
399,399.0,9.25256215081163e-13,7.725146576915548e-15
400,400.0,8.32185977079459e-13,6.895605152935182e-15
401,401.0,7.464050421620072e-13,6.246888856572035e-15
402,402.0,6.675236153487263e-13,5.631319755316571e-15
403,403.0,5.955416966396164e-13,5.048897849168788e-15
404,404.0,5.304592860346773e-13,4.499623138128687e-15
405,405.0,4.722763835339091e-13,3.9834956221962686e-15
406,406.0,4.2099298913731185e-13,3.500515301371531e-15
407,407.0,3.766091028448854e-13,3.0506821756544754e-15
408,408.0,3.311526428461774e-13,2.6562963779788548e-15
409,409.0,2.8908798821155343e-13,2.3048697968196287e-15
410,410.0,2.5160219738346487e-13,1.993081899134574e-15
411,411.0,2.1869527036191153e-13,1.7209326849236904e-15
412,412.0,1.903672071468936e-13,1.4884221541869787e-15
413,413.0,1.6661800773841095e-13,1.2955503069244383e-15
414,414.0,1.4744767213646365e-13,1.1423171431360693e-15
415,415.0,1.2540963861559375e-13,9.610765695732038e-16
416,416.0,1.0192648408264555e-13,7.647515664838665e-16
417,417.0,8.019373857022172e-14,5.823709837633517e-16
418,418.0,6.021140207832224e-14,4.13934821411659e-16
419,419.0,4.1979474606947146e-14,2.5944307942878875e-16
420,420.0,2.5497956156096414e-14,1.188957578147406e-16
421,421.0,1.0766846725770039e-14,-7.707143430485156e-18
422,422.0,-2.2138536840319608e-15,-1.2036562430688868e-16
423,423.0,-1.3444145073309603e-14,-2.1907968481447003e-16
424,424.0,-2.292402744206289e-14,-3.03849324953229e-16
425,425.0,-3.0653500790291793e-14,-3.7467454472316574e-16
426,426.0,-3.663256511799634e-14,-4.315553441242803e-16
427,427.0,-4.0861220425176524e-14,-4.744917231565725e-16
428,428.0,-4.333946671183234e-14,-5.034836818200425e-16
429,429.0,-4.368319497207863e-14,-5.104220597763201e-16
430,430.0,-4.252705874497656e-14,-4.937289131637509e-16
431,431.0,-4.1370922517874496e-14,-4.770357665511815e-16
432,432.0,-4.021478629077242e-14,-4.6034261993861215e-16
433,433.0,-3.9058650063670355e-14,-4.4364947332604285e-16
434,434.0,-3.790251383656829e-14,-4.269563267134735e-16
435,435.0,-3.6746377609466214e-14,-4.102631801009042e-16
436,436.0,-3.559024138236414e-14,-3.9357003348833484e-16
437,437.0,-3.4434105155262074e-14,-3.768768868757655e-16
438,438.0,-3.3277968928160006e-14,-3.601837402631962e-16
439,439.0,-3.212183270105793e-14,-3.4349059365062682e-16
440,440.0,-3.0965696473955866e-14,-3.2679744703805757e-16
441,441.0,-2.980956024685379e-14,-3.101043004254882e-16
442,442.0,-2.8653424019751725e-14,-2.934111538129189e-16
443,443.0,-2.7497287792649658e-14,-2.7671800720034956e-16
444,444.0,-2.6341151565547588e-14,-2.600248605877802e-16
445,445.0,-2.5185015338445517e-14,-2.433317139752109e-16
446,446.0,-2.402887911134345e-14,-2.266385673626416e-16
447,447.0,-2.2872742884241377e-14,-2.0994542075007222e-16
448,448.0,-2.171660665713931e-14,-1.932522741375029e-16
449,449.0,-2.056047043003724e-14,-1.7655912752493356e-16
450,450.0,-1.940433420293517e-14,-1.5986598091236424e-16
451,451.0,-1.82481979758331e-14,-1.4317283429979493e-16
452,452.0,-1.7092061748731028e-14,-1.2647968768722558e-16
453,453.0,-1.593592552162896e-14,-1.0978654107465625e-16
454,454.0,-1.477978929452689e-14,-9.309339446208692e-17
455,455.0,-1.362365306742482e-14,-7.640024784951759e-17
456,456.0,-1.2467516840322751e-14,-5.970710123694826e-17
457,457.0,-1.1311380613220681e-14,-4.3013954624378935e-17
458,458.0,-1.0647703051780242e-14,-3.611260637835765e-17
459,459.0,-1.0363836713152635e-14,-3.6763231872383745e-17
460,460.0,-1.0079970374525026e-14,-3.741385736640984e-17
461,461.0,-9.796104035897418e-15,-3.8064482860435937e-17
462,462.0,-9.51223769726981e-15,-3.871510835446204e-17
463,463.0,-9.228371358642202e-15,-3.936573384848814e-17
464,464.0,-8.944505020014595e-15,-4.0016359342514237e-17
465,465.0,-8.660638681386986e-15,-4.066698483654033e-17
466,466.0,-8.376772342759379e-15,-4.131761033056643e-17
467,467.0,-8.09290600413177e-15,-4.1968235824592524e-17
468,468.0,-7.809039665504163e-15,-4.2618861318618627e-17
469,469.0,-7.525173326876554e-15,-4.326948681264472e-17
470,470.0,-7.241306988248946e-15,-4.3920112306670824e-17
471,471.0,-6.9574406496213385e-15,-4.457073780069692e-17
472,472.0,-6.67357431099373e-15,-4.5221363294723016e-17
473,473.0,-6.389707972366122e-15,-4.587198878874912e-17
474,474.0,-6.105841633738514e-15,-4.6522614282775214e-17
475,475.0,-5.821975295110907e-15,-4.717323977680131e-17
476,476.0,-5.538108956483298e-15,-4.782386527082741e-17
477,477.0,-5.25424261785569e-15,-4.847449076485351e-17
478,478.0,-4.970376279228082e-15,-4.9125116258879604e-17
479,479.0,-4.6865099406004735e-15,-4.9775741752905706e-17
480,480.0,-4.4026436019728664e-15,-5.04263672469318e-17
481,481.0,-4.1187772633452585e-15,-5.10769927409579e-17
482,482.0,-3.83491092471765e-15,-5.1727618234984e-17
483,483.0,-3.551044586090042e-15,-5.2378243729010096e-17
484,484.0,-3.267178247462434e-15,-5.30288692230362e-17
485,485.0,-2.983311908834826e-15,-5.3679494717062294e-17
486,486.0,-2.699445570207218e-15,-5.433012021108839e-17
487,487.0,-2.6176540222030182e-15,-5.277440029783319e-17
488,488.0,-2.578022843806825e-15,-5.075835409861759e-17
489,489.0,-2.5383916654106312e-15,-4.874230789940197e-17
490,490.0,-2.4987604870144383e-15,-4.672626170018637e-17
491,491.0,-2.4591293086182446e-15,-4.4710215500970766e-17
492,492.0,-2.4194981302220512e-15,-4.269416930175516e-17
493,493.0,-2.3798669518258575e-15,-4.067812310253955e-17
494,494.0,-2.3402357734296642e-15,-3.8662076903323944e-17
495,495.0,-2.300604595033471e-15,-3.6646030704108353e-17
496,496.0,-2.2609734166372776e-15,-3.462998450489274e-17
497,497.0,-2.221342238241084e-15,-3.2613938305677134e-17
498,498.0,-2.1817110598448905e-15,-3.059789210646152e-17
499,499.0,-2.1420798814486972e-15,-2.858184590724593e-17
500,500.0,-2.102448703052504e-15,-2.6565799708030325e-17
501,501.0,-2.06281752465631e-15,-2.454975350881471e-17
502,502.0,-2.023186346260117e-15,-2.2533707309599106e-17
503,503.0,-1.9835551678639235e-15,-2.0517661110383503e-17
504,504.0,-1.94392398946773e-15,-1.85016149111679e-17
505,505.0,-1.9042928110715365e-15,-1.6485568711952296e-17
506,506.0,-1.864661632675343e-15,-1.446952251273668e-17
507,507.0,-1.8250304542791495e-15,-1.2453476313521077e-17
508,508.0,-1.785399275882956e-15,-1.0437430114305474e-17
509,509.0,-1.7457680974867628e-15,-8.421383915089871e-18
510,510.0,-1.7061369190905693e-15,-6.4053377158742676e-18
511,511.0,-1.6665057406943758e-15,-4.389291516658664e-18
512,512.0,-1.6268745622981825e-15,-2.3732453174430488e-18
513,513.0,-1.5872433839019892e-15,-3.5719911822745787e-19
514,514.0,-1.5476122055057956e-15,1.6588470809881454e-18
515,515.0,-1.5079810271096021e-15,3.674893280203761e-18
516,516.0,-1.4683498487134088e-15,5.690939479419364e-18
517,517.0,-1.4287186703172153e-15,7.706985678634967e-18
518,518.0,-1.3890874919210218e-15,9.723031877850577e-18
519,519.0,-1.3494563135248284e-15,1.173907807706618e-17
520,520.0,-1.309825135128635e-15,1.3755124276281783e-17
521,521.0,-1.2701939567324416e-15,1.5771170475497393e-17
522,522.0,-1.230562778336248e-15,1.7787216674712996e-17
523,523.0,-1.1909315999400548e-15,1.9803262873928605e-17
524,524.0,-1.1513004215438615e-15,2.1819309073144202e-17
525,525.0,-1.1116692431476677e-15,2.3835355272359812e-17
526,526.0,-1.0720380647514744e-15,2.5851401471575415e-17
527,527.0,-1.032406886355281e-15,2.786744767079102e-17
528,528.0,-9.927757079590874e-16,2.988349387000663e-17
529,529.0,-9.53144529562894e-16,3.189954006922223e-17
530,530.0,-9.135133511667007e-16,3.3915586268437834e-17
531,531.0,-8.738821727705072e-16,3.5931632467653444e-17
532,532.0,-8.342509943743138e-16,3.7947678666869047e-17
533,533.0,-7.946198159781204e-16,3.9963724866084656e-17
534,534.0,-7.54988637581927e-16,4.197977106530026e-17
535,535.0,-7.1535745918573355e-16,4.399581726451586e-17
536,536.0,-6.7572628078954e-16,4.6011863463731466e-17
537,537.0,-6.360951023933467e-16,4.802790966294707e-17
538,538.0,-5.964639239971532e-16,5.004395586216268e-17
539,539.0,-5.568327456009598e-16,5.206000206137828e-17
540,540.0,-5.172015672047664e-16,5.407604826059389e-17
541,541.0,-4.775703888085729e-16,5.60920944598095e-17
542,542.0,-4.3793921041237947e-16,5.81081406590251e-17
543,543.0,-3.9830803201618605e-16,6.01241868582407e-17
544,544.0,-3.715878397739092e-16,6.118580254397177e-17
545,545.0,-3.6853262265390076e-16,6.049801085769564e-17
546,546.0,-3.654774055338924e-16,5.981021917141951e-17
547,547.0,-3.62422188413884e-16,5.912242748514338e-17
548,548.0,-3.593669712938756e-16,5.843463579886723e-17
549,549.0,-3.563117541738672e-16,5.77468441125911e-17
550,550.0,-3.532565370538588e-16,5.705905242631498e-17
551,551.0,-3.5020131993385037e-16,5.637126074003883e-17
552,552.0,-3.47146102813842e-16,5.56834690537627e-17
553,553.0,-3.4409088569383356e-16,5.4995677367486574e-17
554,554.0,-3.410356685738252e-16,5.430788568121043e-17
555,555.0,-3.3798045145381675e-16,5.36200939949343e-17
556,556.0,-3.349252343338084e-16,5.293230230865817e-17
557,557.0,-3.318700172138e-16,5.224451062238204e-17
558,558.0,-3.288148000937916e-16,5.15567189361059e-17
559,559.0,-3.2575958297378317e-16,5.086892724982977e-17
560,560.0,-3.227043658537748e-16,5.018113556355364e-17
561,561.0,-3.196491487337664e-16,4.94933438772775e-17
562,562.0,-3.16593931613758e-16,4.880555219100137e-17
563,563.0,-3.135387144937496e-16,4.811776050472524e-17
564,564.0,-3.1048349737374117e-16,4.74299688184491e-17
565,565.0,-3.0742828025373283e-16,4.674217713217298e-17
566,566.0,-3.043730631337244e-16,4.605438544589684e-17
567,567.0,-3.01317846013716e-16,4.536659375962071e-17
568,568.0,-2.982626288937076e-16,4.4678802073344567e-17
569,569.0,-2.952074117736992e-16,4.3991010387068437e-17
570,570.0,-2.921521946536908e-16,4.330321870079231e-17
571,571.0,-2.890969775336824e-16,4.2615427014516165e-17
572,572.0,-2.86041760413674e-16,4.1927635328240035e-17
573,573.0,-2.829865432936656e-16,4.1239843641963906e-17
574,574.0,-2.799313261736572e-16,4.0552051955687776e-17
575,575.0,-2.768761090536488e-16,3.9864260269411646e-17
576,576.0,-2.7382089193364044e-16,3.9176468583135504e-17
577,577.0,-2.70765674813632e-16,3.8488676896859374e-17
578,578.0,-2.677104576936236e-16,3.780088521058324e-17
579,579.0,-2.646552405736152e-16,3.71130935243071e-17
580,580.0,-2.616000234536068e-16,3.6425301838030967e-17
581,581.0,-2.585448063335984e-16,3.573751015175484e-17
582,582.0,-2.5548958921359e-16,3.50497184654787e-17
583,583.0,-2.524343720935816e-16,3.4361926779202565e-17
584,584.0,-2.4937915497357323e-16,3.367413509292644e-17
585,585.0,-2.463239378535648e-16,3.2986343406650306e-17
586,586.0,-2.432687207335564e-16,3.229855172037417e-17
587,587.0,-2.4021350361354804e-16,3.161076003409804e-17
588,588.0,-2.371582864935396e-16,3.0922968347821905e-17
589,589.0,-2.341030693735312e-16,3.023517666154577e-17
590,590.0,-2.310478522535228e-16,2.954738497526963e-17
591,591.0,-2.279926351335144e-16,2.8859593288993503e-17
592,592.0,-2.24937418013506e-16,2.817180160271737e-17
593,593.0,-2.2188220089349763e-16,2.7484009916441244e-17
594,594.0,-2.1882698377348924e-16,2.6796218230165108e-17
595,595.0,-2.1577176665348084e-16,2.6108426543888972e-17
596,596.0,-2.1271654953347243e-16,2.5420634857612836e-17
597,597.0,-2.0966133241346403e-16,2.4732843171336706e-17
598,598.0,-2.0660611529345562e-16,2.404505148506057e-17
599,599.0,-2.0355089817344721e-16,2.3357259798784435e-17
600,600.0,-2.004956810534388e-16,2.2669468112508305e-17
601,601.0,-1.974404639334304e-16,2.198167642623217e-17
602,602.0,-1.9438524681342202e-16,2.129388473995604e-17
603,603.0,-1.913300296934136e-16,2.0606093053679903e-17
604,604.0,-1.8827481257340523e-16,1.9918301367403768e-17
605,605.0,-1.8521959545339682e-16,1.9230509681127638e-17
606,606.0,-1.8216437833338844e-16,1.8542717994851502e-17
607,607.0,-1.7910916121338004e-16,1.7854926308575372e-17
608,608.0,-1.7605394409337163e-16,1.7167134622299236e-17
609,609.0,-1.7299872697336322e-16,1.64793429360231e-17
610,610.0,-1.6994350985335484e-16,1.579155124974697e-17
611,611.0,-1.6688829273334643e-16,1.510375956347084e-17
612,612.0,-1.6383307561333803e-16,1.4415967877194705e-17
613,613.0,-1.6077785849332962e-16,1.372817619091857e-17
614,614.0,-1.5772264137332124e-16,1.304038450464244e-17
615,615.0,-1.5466742425331283e-16,1.2352592818366304e-17
616,616.0,-1.5161220713330443e-16,1.1664801132090174e-17
617,617.0,-1.4855699001329602e-16,1.0977009445814038e-17
618,618.0,-1.4550177289328764e-16,1.0289217759537902e-17
619,619.0,-1.4244655577327923e-16,9.601426073261773e-18
620,620.0,-1.3939133865327085e-16,8.91363438698564e-18
621,621.0,-1.3633612153326244e-16,8.225842700709504e-18
622,622.0,-1.3328090441325404e-16,7.538051014433371e-18
623,623.0,-1.3022568729324563e-16,6.850259328157235e-18
624,624.0,-1.2717047017323725e-16,6.162467641881106e-18
625,625.0,-1.2411525305322884e-16,5.474675955604973e-18
626,626.0,-1.2106003593322044e-16,4.786884269328837e-18
627,627.0,-1.1800481881321203e-16,4.099092583052704e-18
628,628.0,-1.1494960169320365e-16,3.4113008967765745e-18
629,629.0,-1.1189438457319527e-16,2.7235092105004386e-18
630,630.0,-1.0883916745318685e-16,2.035717524224306e-18
631,631.0,-1.0578395033317844e-16,1.34792583794817e-18
632,632.0,-1.0272873321317005e-16,6.601341516720372e-19
633,633.0,-9.967351609316164e-17,-2.7657534604095625e-20
634,634.0,-9.661829897315325e-17,-7.154492208802284e-19
635,635.0,-9.356308185314485e-17,-1.4032409071563612e-18
636,636.0,-9.050786473313645e-17,-2.091032593432497e-18
637,637.0,-8.745264761312805e-17,-2.77882427970863e-18
638,638.0,-8.439743049311965e-17,-3.4666159659847627e-18
639,639.0,-8.134221337311125e-17,-4.1544076522608954e-18
640,640.0,-7.828699625310285e-17,-4.84219933853703e-18
641,641.0,-7.523177913309446e-17,-5.529991024813161e-18
642,642.0,-7.217656201308606e-17,-6.217782711089295e-18
643,643.0,-6.912134489307765e-17,-6.90557439736543e-18
644,644.0,-6.606612777306926e-17,-7.593366083641562e-18
645,645.0,-6.301091065306086e-17,-8.281157769917695e-18
646,646.0,-5.995569353305246e-17,-8.96894945619383e-18
647,647.0,-5.690047641304405e-17,-9.656741142469962e-18
648,648.0,-5.3845259293035656e-17,-1.0344532828746095e-17
649,649.0,-5.0790042173027256e-17,-1.103232451502223e-17
650,650.0,-4.7734825053018856e-17,-1.1720116201298362e-17
651,651.0,-4.467960793301046e-17,-1.2407907887574495e-17
652,652.0,-4.162439081300206e-17,-1.309569957385063e-17
653,653.0,-3.856917369299366e-17,-1.3783491260126762e-17
654,654.0,-3.551395657298526e-17,-1.4471282946402897e-17
655,655.0,-3.245873945297686e-17,-1.515907463267903e-17
656,656.0,-2.9403522332968467e-17,-1.5846866318955162e-17
657,657.0,-2.6348305212960063e-17,-1.6534658005231295e-17
658,658.0,-2.3293088092951663e-17,-1.7222449691507428e-17
659,659.0,-2.1436109894655805e-17,-1.760216679116478e-17
660,660.0,-2.1345237391606572e-17,-1.752780726876534e-17
661,661.0,-2.1254364888557343e-17,-1.74534477463659e-17
662,662.0,-2.116349238550811e-17,-1.7379088223966458e-17
663,663.0,-2.107261988245888e-17,-1.7304728701567017e-17
664,664.0,-2.0981747379409647e-17,-1.7230369179167576e-17
665,665.0,-2.0890874876360415e-17,-1.7156009656768135e-17
666,666.0,-2.0800002373311185e-17,-1.7081650134368694e-17
667,667.0,-2.0709129870261952e-17,-1.7007290611969256e-17
668,668.0,-2.0618257367212722e-17,-1.6932931089569815e-17
669,669.0,-2.052738486416349e-17,-1.6858571567170373e-17
670,670.0,-2.043651236111426e-17,-1.6784212044770932e-17
671,671.0,-2.0345639858065027e-17,-1.670985252237149e-17
672,672.0,-2.0254767355015797e-17,-1.663549299997205e-17
673,673.0,-2.0163894851966564e-17,-1.656113347757261e-17
674,674.0,-2.0073022348917335e-17,-1.6486773955173168e-17
675,675.0,-1.9982149845868102e-17,-1.6412414432773727e-17
676,676.0,-1.9891277342818872e-17,-1.6338054910374286e-17
677,677.0,-1.980040483976964e-17,-1.6263695387974848e-17
678,678.0,-1.970953233672041e-17,-1.6189335865575407e-17
679,679.0,-1.961865983367118e-17,-1.6114976343175966e-17
680,680.0,-1.9527787330621947e-17,-1.6040616820776525e-17
681,681.0,-1.9436914827572718e-17,-1.5966257298377087e-17
682,682.0,-1.9346042324523485e-17,-1.5891897775977646e-17
683,683.0,-1.9255169821474255e-17,-1.5817538253578205e-17
684,684.0,-1.9164297318425022e-17,-1.5743178731178764e-17
685,685.0,-1.9073424815375792e-17,-1.5668819208779323e-17
686,686.0,-1.898255231232656e-17,-1.559445968637988e-17
687,687.0,-1.8891679809277327e-17,-1.552010016398044e-17
688,688.0,-1.8800807306228097e-17,-1.5445740641581e-17
689,689.0,-1.8709934803178864e-17,-1.5371381119181558e-17
690,690.0,-1.8619062300129635e-17,-1.5297021596782117e-17
691,691.0,-1.8528189797080402e-17,-1.522266207438268e-17
692,692.0,-1.8437317294031172e-17,-1.5148302551983238e-17
693,693.0,-1.834644479098194e-17,-1.5073943029583797e-17
694,694.0,-1.825557228793271e-17,-1.4999583507184356e-17
695,695.0,-1.8164699784883477e-17,-1.4925223984784915e-17
696,696.0,-1.8073827281834247e-17,-1.4850864462385474e-17
697,697.0,-1.7982954778785017e-17,-1.4776504939986036e-17
698,698.0,-1.7892082275735785e-17,-1.4702145417586595e-17
699,699.0,-1.7801209772686555e-17,-1.4627785895187154e-17
700,700.0,-1.7710337269637322e-17,-1.4553426372787713e-17
701,701.0,-1.7619464766588092e-17,-1.4479066850388272e-17
702,702.0,-1.752859226353886e-17,-1.440470732798883e-17
703,703.0,-1.743771976048963e-17,-1.433034780558939e-17
704,704.0,-1.7346847257440397e-17,-1.4255988283189948e-17
705,705.0,-1.7255974754391167e-17,-1.4181628760790507e-17
706,706.0,-1.7165102251341935e-17,-1.4107269238391066e-17
707,707.0,-1.7074229748292705e-17,-1.4032909715991628e-17
708,708.0,-1.6983357245243472e-17,-1.3958550193592187e-17
709,709.0,-1.689248474219424e-17,-1.3884190671192746e-17
710,710.0,-1.680161223914501e-17,-1.3809831148793305e-17
711,711.0,-1.6710739736095777e-17,-1.3735471626393866e-17
712,712.0,-1.6619867233046547e-17,-1.3661112103994425e-17
713,713.0,-1.6528994729997314e-17,-1.3586752581594983e-17
714,714.0,-1.6438122226948084e-17,-1.3512393059195542e-17
715,715.0,-1.6347249723898852e-17,-1.3438033536796101e-17
716,716.0,-1.6256377220849622e-17,-1.3363674014396663e-17
717,717.0,-1.6165504717800392e-17,-1.3289314491997222e-17
718,718.0,-1.607463221475116e-17,-1.3214954969597781e-17
719,719.0,-1.598375971170193e-17,-1.314059544719834e-17
720,720.0,-1.5892887208652697e-17,-1.30662359247989e-17
721,721.0,-1.5802014705603467e-17,-1.299187640239946e-17
722,722.0,-1.5711142202554234e-17,-1.2917516880000018e-17
723,723.0,-1.5620269699505005e-17,-1.2843157357600577e-17
724,724.0,-1.5529397196455772e-17,-1.2768797835201136e-17
725,725.0,-1.5438524693406542e-17,-1.2694438312801697e-17
726,726.0,-1.534765219035731e-17,-1.2620078790402256e-17
727,727.0,-1.525677968730808e-17,-1.2545719268002815e-17
728,728.0,-1.5165907184258847e-17,-1.2471359745603374e-17
729,729.0,-1.5075034681209617e-17,-1.2397000223203933e-17
730,730.0,-1.4984162178160384e-17,-1.2322640700804493e-17
731,731.0,-1.4893289675111152e-17,-1.2248281178405052e-17
732,732.0,-1.4802417172061922e-17,-1.2173921656005611e-17
733,733.0,-1.471154466901269e-17,-1.209956213360617e-17
734,734.0,-1.462067216596346e-17,-1.2025202611206729e-17
735,735.0,-1.452979966291423e-17,-1.1950843088807291e-17
736,736.0,-1.4438927159864997e-17,-1.187648356640785e-17
737,737.0,-1.4348054656815767e-17,-1.1802124044008409e-17
738,738.0,-1.4257182153766537e-17,-1.1727764521608969e-17
739,739.0,-1.4166309650717305e-17,-1.1653404999209528e-17
740,740.0,-1.4075437147668072e-17,-1.1579045476810087e-17
741,741.0,-1.3984564644618842e-17,-1.1504685954410646e-17
742,742.0,-1.3893692141569612e-17,-1.1430326432011205e-17
743,743.0,-1.380281963852038e-17,-1.1355966909611765e-17
744,744.0,-1.3711947135471147e-17,-1.1281607387212324e-17
745,745.0,-1.3621074632421916e-17,-1.1207247864812883e-17
746,746.0,-1.3530202129372684e-17,-1.1132888342413442e-17
747,747.0,-1.3439329626323453e-17,-1.1058528820014001e-17
748,748.0,-1.3348457123274222e-17,-1.0984169297614562e-17
749,749.0,-1.325758462022499e-17,-1.090980977521512e-17
750,750.0,-1.316671211717576e-17,-1.083545025281568e-17
751,751.0,-1.3075839614126528e-17,-1.0761090730416238e-17
752,752.0,-1.2984967111077297e-17,-1.0686731208016797e-17
753,753.0,-1.2894094608028067e-17,-1.061237168561736e-17
754,754.0,-1.2803222104978836e-17,-1.0538012163217918e-17
755,755.0,-1.2712349601929605e-17,-1.0463652640818477e-17
756,756.0,-1.2621477098880373e-17,-1.0389293118419036e-17
757,757.0,-1.2530604595831142e-17,-1.0314933596019597e-17
758,758.0,-1.243973209278191e-17,-1.0240574073620155e-17
759,759.0,-1.234885958973268e-17,-1.0166214551220714e-17
760,760.0,-1.2257987086683448e-17,-1.0091855028821273e-17
761,761.0,-1.2167114583634217e-17,-1.0017495506421832e-17
762,762.0,-1.2076242080584986e-17,-9.943135984022393e-18
763,763.0,-1.1985369577535754e-17,-9.868776461622952e-18
764,764.0,-1.1894497074486523e-17,-9.79441693922351e-18
765,765.0,-1.1803624571437292e-17,-9.72005741682407e-18
766,766.0,-1.1712752068388059e-17,-9.645697894424628e-18
767,767.0,-1.1621879565338828e-17,-9.571338372025189e-18
768,768.0,-1.1531007062289597e-17,-9.496978849625748e-18
769,769.0,-1.1440134559240365e-17,-9.422619327226307e-18
770,770.0,-1.1349262056191134e-17,-9.348259804826866e-18
771,771.0,-1.1258389553141903e-17,-9.273900282427425e-18
772,772.0,-1.1167517050092675e-17,-9.199540760027987e-18
773,773.0,-1.1076644547043443e-17,-9.125181237628546e-18
774,774.0,-1.098577204399421e-17,-9.050821715229105e-18
775,775.0,-1.089489954094498e-17,-8.976462192829664e-18
776,776.0,-1.0804027037895748e-17,-8.902102670430222e-18
777,777.0,-1.0713154534846517e-17,-8.827743148030783e-18
778,778.0,-1.0622282031797286e-17,-8.753383625631342e-18
779,779.0,-1.0531409528748054e-17,-8.679024103231901e-18
780,780.0,-1.0440537025698823e-17,-8.604664580832461e-18
781,781.0,-1.0349664522649592e-17,-8.53030505843302e-18
782,782.0,-1.025879201960036e-17,-8.455945536033579e-18
783,783.0,-1.016791951655113e-17,-8.381586013634138e-18
784,784.0,-1.0077047013501898e-17,-8.307226491234697e-18
785,785.0,-9.986174510452667e-18,-8.232866968835257e-18
786,786.0,-9.895302007403436e-18,-8.158507446435816e-18
787,787.0,-9.804429504354204e-18,-8.084147924036377e-18
788,788.0,-9.713557001304973e-18,-8.009788401636936e-18
789,789.0,-9.622684498255742e-18,-7.935428879237495e-18
790,790.0,-9.53181199520651e-18,-7.861069356838054e-18
791,791.0,-9.44093949215728e-18,-7.786709834438613e-18
792,792.0,-9.350066989108048e-18,-7.712350312039173e-18
793,793.0,-9.259194486058817e-18,-7.637990789639732e-18
794,794.0,-9.168321983009585e-18,-7.563631267240291e-18
795,795.0,-9.077449479960354e-18,-7.48927174484085e-18
796,796.0,-8.986576976911123e-18,-7.41491222244141e-18
797,797.0,-8.895704473861892e-18,-7.34055270004197e-18
798,798.0,-8.80483197081266e-18,-7.266193177642528e-18
799,799.0,-8.713959467763429e-18,-7.191833655243087e-18
800,800.0,-8.623086964714198e-18,-7.117474132843648e-18
801,801.0,-8.532214461664967e-18,-7.043114610444207e-18
802,802.0,-8.441341958615735e-18,-6.968755088044767e-18
803,803.0,-8.350469455566504e-18,-6.894395565645325e-18
804,804.0,-8.259596952517273e-18,-6.820036043245884e-18
805,805.0,-8.168724449468043e-18,-6.7456765208464446e-18
806,806.0,-8.077851946418812e-18,-6.6713169984470035e-18
807,807.0,-7.986979443369579e-18,-6.596957476047563e-18
808,808.0,-7.896106940320348e-18,-6.522597953648122e-18
809,809.0,-7.805234437271117e-18,-6.448238431248682e-18
810,810.0,-7.714361934221885e-18,-6.373878908849241e-18
811,811.0,-7.623489431172654e-18,-6.2995193864498005e-18
812,812.0,-7.532616928123423e-18,-6.2251598640503594e-18
813,813.0,-7.441744425074192e-18,-6.150800341650918e-18
814,814.0,-7.35087192202496e-18,-6.076440819251478e-18
815,815.0,-7.259999418975729e-18,-6.002081296852038e-18
816,816.0,-7.1691269159265e-18,-5.9277217744525975e-18
817,817.0,-7.078254412877267e-18,-5.8533622520531564e-18
818,818.0,-6.987381909828037e-18,-5.779002729653716e-18
819,819.0,-6.896509406778805e-18,-5.704643207254275e-18
820,820.0,-6.8056369037295736e-18,-5.630283684854834e-18
821,821.0,-6.7147644006803415e-18,-5.555924162455394e-18
822,822.0,-6.62389189763111e-18,-5.481564640055953e-18
823,823.0,-6.533019394581879e-18,-5.407205117656512e-18
824,824.0,-6.442146891532649e-18,-5.332845595257072e-18
825,825.0,-6.351274388483417e-18,-5.258486072857632e-18
826,826.0,-6.260401885434186e-18,-5.184126550458191e-18
827,827.0,-6.169529382384955e-18,-5.10976702805875e-18
828,828.0,-6.0786568793357235e-18,-5.035407505659309e-18
829,829.0,-5.987784376286492e-18,-4.961047983259868e-18
830,830.0,-5.896911873237261e-18,-4.886688460860428e-18
831,831.0,-5.80603937018803e-18,-4.812328938460987e-18
832,832.0,-5.7151668671387985e-18,-4.7379694160615466e-18
833,833.0,-5.624294364089567e-18,-4.663609893662106e-18
834,834.0,-5.533421861040336e-18,-4.589250371262665e-18
835,835.0,-5.442549357991105e-18,-4.514890848863224e-18
836,836.0,-5.3516768549418735e-18,-4.440531326463784e-18
837,837.0,-5.260804351892642e-18,-4.3661718040643436e-18
838,838.0,-5.169931848843411e-18,-4.2918122816649025e-18
839,839.0,-5.07905934579418e-18,-4.217452759265462e-18
840,840.0,-4.988186842744949e-18,-4.143093236866022e-18
841,841.0,-4.897314339695717e-18,-4.068733714466581e-18
842,842.0,-4.806441836646486e-18,-3.99437419206714e-18
843,843.0,-4.715569333597255e-18,-3.9200146696676995e-18
844,844.0,-4.6246968305480234e-18,-3.845655147268259e-18
845,845.0,-4.533824327498793e-18,-3.771295624868818e-18
846,846.0,-4.442951824449562e-18,-3.696936102469378e-18
847,847.0,-4.35207932140033e-18,-3.622576580069937e-18
848,848.0,-4.261206818351098e-18,-3.5482170576704964e-18
849,849.0,-4.170334315301867e-18,-3.473857535271055e-18
850,850.0,-4.079461812252637e-18,-3.399498012871615e-18
851,851.0,-3.988589309203405e-18,-3.3251384904721744e-18
852,852.0,-3.897716806154174e-18,-3.2507789680727337e-18
853,853.0,-3.806844303104943e-18,-3.176419445673293e-18
854,854.0,-3.715971800055711e-18,-3.102059923273852e-18
855,855.0,-3.62509929700648e-18,-3.0277004008744117e-18
856,856.0,-3.534226793957249e-18,-2.953340878474971e-18
857,857.0,-3.4433542909080175e-18,-2.8789813560755303e-18
858,858.0,-3.3524817878587862e-18,-2.8046218336760896e-18
859,859.0,-3.2616092848095553e-18,-2.7302623112766493e-18
860,860.0,-3.170736781760324e-18,-2.6559027888772086e-18
861,861.0,-3.0798642787110924e-18,-2.581543266477768e-18
862,862.0,-2.988991775661861e-18,-2.507183744078327e-18
863,863.0,-2.8981192726126303e-18,-2.4328242216788866e-18
864,864.0,-2.8072467695633987e-18,-2.358464699279446e-18
865,865.0,-2.7163742665141678e-18,-2.2841051768800052e-18
866,866.0,-2.6255017634649365e-18,-2.2097456544805646e-18
867,867.0,-2.5346292604157053e-18,-2.135386132081124e-18
868,868.0,-2.443756757366474e-18,-2.0610266096816832e-18
869,869.0,-2.3528842543172428e-18,-1.9866670872822425e-18
870,870.0,-2.2620117512680115e-18,-1.9123075648828022e-18
871,871.0,-2.1711392482187802e-18,-1.837948042483361e-18
872,872.0,-2.080266745169549e-18,-1.763588520083921e-18
873,873.0,-1.9893942421203177e-18,-1.68922899768448e-18
874,874.0,-1.8985217390710865e-18,-1.6148694752850393e-18
875,875.0,-1.8076492360218552e-18,-1.5405099528855986e-18
876,876.0,-1.716776732972624e-18,-1.4661504304861581e-18
877,877.0,-1.6259042299233929e-18,-1.3917909080867174e-18
878,878.0,-1.5350317268741614e-18,-1.3174313856872768e-18
879,879.0,-1.4441592238249302e-18,-1.243071863287836e-18
880,880.0,-1.353286720775699e-18,-1.1687123408883954e-18
881,881.0,-1.2624142177264679e-18,-1.0943528184889547e-18
882,882.0,-1.1715417146772366e-18,-1.019993296089514e-18
883,883.0,-1.0806692116280054e-18,-9.456337736900734e-19
884,884.0,-9.89796708578774e-19,-8.712742512906329e-19
885,885.0,-8.989242055295428e-19,-7.969147288911922e-19
886,886.0,-8.080517024803116e-19,-7.225552064917515e-19
887,887.0,-7.171791994310803e-19,-6.481956840923108e-19
888,888.0,-6.263066963818492e-19,-5.738361616928702e-19
889,889.0,-5.817674027209805e-19,-5.365628990234982e-19
890,890.0,-5.823415330529192e-19,-5.353995493430193e-19
891,891.0,-5.82915663384858e-19,-5.342361996625404e-19
892,892.0,-5.834897937167967e-19,-5.330728499820615e-19
893,893.0,-5.840639240487353e-19,-5.319095003015826e-19
894,894.0,-5.84638054380674e-19,-5.307461506211038e-19
895,895.0,-5.852121847126128e-19,-5.29582800940625e-19
896,896.0,-5.857863150445514e-19,-5.284194512601461e-19
897,897.0,-5.863604453764901e-19,-5.272561015796672e-19
898,898.0,-5.869345757084288e-19,-5.260927518991883e-19
899,899.0,-5.875087060403676e-19,-5.249294022187094e-19
900,900.0,-5.880828363723063e-19,-5.237660525382307e-19
901,901.0,-5.88656966704245e-19,-5.226027028577518e-19
902,902.0,-5.892310970361837e-19,-5.214393531772729e-19
903,903.0,-5.898052273681224e-19,-5.20276003496794e-19
904,904.0,-5.903793577000611e-19,-5.191126538163151e-19
905,905.0,-5.909534880319997e-19,-5.179493041358363e-19
906,906.0,-5.915276183639384e-19,-5.1678595445535745e-19
907,907.0,-5.921017486958772e-19,-5.156226047748787e-19
908,908.0,-5.926758790278159e-19,-5.144592550943998e-19
909,909.0,-5.932500093597546e-19,-5.132959054139209e-19
910,910.0,-5.938241396916933e-19,-5.12132555733442e-19
911,911.0,-5.943982700236321e-19,-5.109692060529631e-19
912,912.0,-5.949724003555707e-19,-5.098058563724843e-19
913,913.0,-5.955465306875094e-19,-5.086425066920055e-19
914,914.0,-5.9612066101944815e-19,-5.074791570115266e-19
915,915.0,-5.966947913513868e-19,-5.063158073310477e-19
916,916.0,-5.972689216833255e-19,-5.051524576505688e-19
917,917.0,-5.978430520152642e-19,-5.039891079700899e-19
918,918.0,-5.98417182347203e-19,-5.028257582896111e-19
919,919.0,-5.989913126791417e-19,-5.016624086091323e-19
920,920.0,-5.995654430110804e-19,-5.004990589286534e-19
921,921.0,-6.001395733430191e-19,-4.993357092481745e-19
922,922.0,-6.007137036749579e-19,-4.981723595676956e-19
923,923.0,-6.012878340068965e-19,-4.970090098872168e-19
924,924.0,-6.018619643388352e-19,-4.958456602067379e-19
925,925.0,-6.024360946707738e-19,-4.946823105262591e-19
926,926.0,-6.030102250027126e-19,-4.935189608457802e-19
927,927.0,-6.035843553346513e-19,-4.923556111653013e-19
928,928.0,-6.0415848566659e-19,-4.911922614848225e-19
929,929.0,-6.047326159985287e-19,-4.900289118043436e-19
930,930.0,-6.053067463304675e-19,-4.888655621238647e-19
931,931.0,-6.058808766624062e-19,-4.877022124433859e-19
932,932.0,-6.064550069943449e-19,-4.86538862762907e-19
933,933.0,-6.070291373262835e-19,-4.853755130824282e-19
934,934.0,-6.076032676582223e-19,-4.842121634019493e-19
935,935.0,-6.08177397990161e-19,-4.830488137214704e-19
936,936.0,-6.087515283220996e-19,-4.818854640409915e-19
937,937.0,-6.093256586540383e-19,-4.807221143605127e-19
938,938.0,-6.098997889859771e-19,-4.795587646800339e-19
939,939.0,-6.104739193179158e-19,-4.78395414999555e-19
940,940.0,-6.110480496498545e-19,-4.772320653190761e-19
941,941.0,-6.116221799817932e-19,-4.760687156385972e-19
942,942.0,-6.121963103137319e-19,-4.749053659581184e-19
943,943.0,-6.127704406456706e-19,-4.737420162776395e-19
944,944.0,-6.133445709776093e-19,-4.725786665971607e-19
945,945.0,-6.13918701309548e-19,-4.714153169166818e-19
946,946.0,-6.144928316414867e-19,-4.70251967236203e-19
947,947.0,-6.150669619734254e-19,-4.690886175557241e-19
948,948.0,-6.156410923053641e-19,-4.679252678752452e-19
949,949.0,-6.162152226373029e-19,-4.667619181947663e-19
950,950.0,-6.167893529692416e-19,-4.655985685142875e-19
951,951.0,-6.173634833011803e-19,-4.644352188338087e-19
952,952.0,-6.17937613633119e-19,-4.632718691533298e-19
953,953.0,-6.185117439650577e-19,-4.621085194728509e-19
954,954.0,-6.190858742969964e-19,-4.60945169792372e-19
955,955.0,-6.19660004628935e-19,-4.597818201118931e-19
956,956.0,-6.202341349608737e-19,-4.586184704314144e-19
957,957.0,-6.208082652928125e-19,-4.574551207509355e-19
958,958.0,-6.213823956247512e-19,-4.562917710704566e-19
959,959.0,-6.219565259566899e-19,-4.551284213899777e-19
960,960.0,-6.225306562886286e-19,-4.539650717094988e-19
961,961.0,-6.231047866205674e-19,-4.5280172202902e-19
962,962.0,-6.236789169525061e-19,-4.516383723485412e-19
963,963.0,-6.242530472844447e-19,-4.504750226680623e-19
964,964.0,-6.248271776163834e-19,-4.493116729875834e-19
965,965.0,-6.254013079483222e-19,-4.481483233071045e-19
966,966.0,-6.259754382802608e-19,-4.469849736266256e-19
967,967.0,-6.265495686121995e-19,-4.458216239461468e-19
968,968.0,-6.271236989441382e-19,-4.44658274265668e-19
969,969.0,-6.27697829276077e-19,-4.434949245851891e-19
970,970.0,-6.282719596080157e-19,-4.423315749047102e-19
971,971.0,-6.288460899399544e-19,-4.411682252242313e-19
972,972.0,-6.294202202718931e-19,-4.400048755437525e-19
973,973.0,-6.299943506038318e-19,-4.388415258632736e-19
974,974.0,-6.305684809357705e-19,-4.3767817618279475e-19
975,975.0,-6.311426112677092e-19,-4.365148265023159e-19
976,976.0,-6.317167415996479e-19,-4.35351476821837e-19
977,977.0,-6.322908719315866e-19,-4.341881271413581e-19
978,978.0,-6.328650022635253e-19,-4.330247774608793e-19
979,979.0,-6.33439132595464e-19,-4.3186142778040043e-19
980,980.0,-6.3401326292740275e-19,-4.3069807809992165e-19
981,981.0,-6.345873932593415e-19,-4.2953472841944276e-19
982,982.0,-6.351615235912801e-19,-4.283713787389639e-19
983,983.0,-6.357356539232188e-19,-4.2720802905848504e-19
984,984.0,-6.363097842551576e-19,-4.2604467937800616e-19
985,985.0,-6.368839145870963e-19,-4.248813296975273e-19
986,986.0,-6.374580449190349e-19,-4.2371798001704844e-19
987,987.0,-6.380321752509736e-19,-4.2255463033656956e-19
988,988.0,-6.386063055829124e-19,-4.2139128065609073e-19
989,989.0,-6.391804359148511e-19,-4.2022793097561184e-19
990,990.0,-6.397545662467898e-19,-4.1906458129513296e-19
991,991.0,-6.403286965787285e-19,-4.1790123161465412e-19
992,992.0,-6.409028269106672e-19,-4.1673788193417524e-19
993,993.0,-6.414769572426059e-19,-4.155745322536964e-19
994,994.0,-6.420510875745446e-19,-4.144111825732175e-19
995,995.0,-6.426252179064833e-19,-4.1324783289273864e-19
996,996.0,-6.43199348238422e-19,-4.120844832122598e-19
997,997.0,-6.437734785703607e-19,-4.109211335317809e-19
998,998.0,-6.443476089022994e-19,-4.0975778385130204e-19
999,999.0,-6.449217392342381e-19,-4.085944341708232e-19
1000,1000.0,-6.454958695661769e-19,-4.074310844903443e-19
1001,1001.0,-6.460699998981156e-19,-4.062677348098655e-19
1002,1002.0,-6.466441302300543e-19,-4.051043851293866e-19
1003,1003.0,-6.472182605619929e-19,-4.039410354489077e-19
1004,1004.0,-6.477923908939317e-19,-4.027776857684289e-19
1005,1005.0,-6.483665212258704e-19,-4.0161433608795e-19
1006,1006.0,-6.489406515578091e-19,-4.004509864074711e-19
1007,1007.0,-6.4951478188974775e-19,-3.992876367269923e-19
1008,1008.0,-6.500889122216865e-19,-3.981242870465134e-19
1009,1009.0,-6.506630425536252e-19,-3.9696093736603457e-19
1010,1010.0,-6.512371728855639e-19,-3.957975876855557e-19
1011,1011.0,-6.5181130321750265e-19,-3.946342380050768e-19
1012,1012.0,-6.523854335494414e-19,-3.9347088832459797e-19
1013,1013.0,-6.5295956388138e-19,-3.923075386441191e-19
1014,1014.0,-6.535336942133187e-19,-3.9114418896364025e-19
1015,1015.0,-6.541078245452575e-19,-3.8998083928316136e-19
1016,1016.0,-6.546819548771962e-19,-3.888174896026825e-19
1017,1017.0,-6.552560852091348e-19,-3.8765413992220365e-19
1018,1018.0,-6.558302155410735e-19,-3.864907902417248e-19
1019,1019.0,-6.564043458730123e-19,-3.85327440561246e-19
1020,1020.0,-6.56978476204951e-19,-3.841640908807671e-19
1021,1021.0,-6.575526065368897e-19,-3.830007412002882e-19
1022,1022.0,-6.581267368688283e-19,-3.8183739151980938e-19
1023,1023.0,-6.587008672007671e-19,-3.806740418393305e-19
1024,1024.0,-6.592749975327058e-19,-3.7951069215885166e-19
1025,1025.0,-6.598491278646445e-19,-3.7834734247837277e-19
1026,1026.0,-6.604232581965831e-19,-3.771839927978939e-19
1027,1027.0,-6.609973885285219e-19,-3.7602064311741506e-19
1028,1028.0,-6.615715188604606e-19,-3.7485729343693617e-19
1029,1029.0,-6.621456491923993e-19,-3.7369394375645734e-19
1030,1030.0,-6.62719779524338e-19,-3.7253059407597846e-19
1031,1031.0,-6.632939098562768e-19,-3.7136724439549957e-19
1032,1032.0,-6.638680401882155e-19,-3.7020389471502074e-19
1033,1033.0,-6.644421705201541e-19,-3.6904054503454185e-19
1034,1034.0,-6.650163008520928e-19,-3.6787719535406297e-19
1035,1035.0,-6.655904311840316e-19,-3.6671384567358414e-19
1036,1036.0,-6.661645615159703e-19,-3.6555049599310525e-19
1037,1037.0,-6.667386918479089e-19,-3.643871463126264e-19
1038,1038.0,-6.6731282217984765e-19,-3.6322379663214754e-19
1039,1039.0,-6.678869525117864e-19,-3.6206044695166865e-19
1040,1040.0,-6.684610828437251e-19,-3.608970972711898e-19
1041,1041.0,-6.690352131756638e-19,-3.5973374759071093e-19
1042,1042.0,-6.6960934350760255e-19,-3.585703979102321e-19
1043,1043.0,-6.701834738395412e-19,-3.574070482297532e-19
1044,1044.0,-6.707576041714799e-19,-3.5624369854927433e-19
1045,1045.0,-6.713317345034186e-19,-3.550803488687955e-19
1046,1046.0,-6.719058648353574e-19,-3.539169991883166e-19
1047,1047.0,-6.72479995167296e-19,-3.5275364950783773e-19
1048,1048.0,-6.730541254992347e-19,-3.515902998273589e-19
1049,1049.0,-6.736282558311734e-19,-3.5042695014688e-19
1050,1050.0,-6.742023861631122e-19,-3.492636004664012e-19
1051,1051.0,-6.747765164950509e-19,-3.481002507859223e-19
1052,1052.0,-6.753506468269896e-19,-3.469369011054434e-19
1053,1053.0,-6.759247771589283e-19,-3.457735514249646e-19
1054,1054.0,-6.76498907490867e-19,-3.446102017444857e-19
1055,1055.0,-6.770730378228057e-19,-3.434468520640069e-19
1056,1056.0,-6.776471681547443e-19,-3.4228350238352803e-19
1057,1057.0,-6.78221298486683e-19,-3.4112015270304914e-19
1058,1058.0,-6.787954288186218e-19,-3.399568030225703e-19
1059,1059.0,-6.793695591505605e-19,-3.3879345334209142e-19
1060,1060.0,-6.799436894824992e-19,-3.376301036616126e-19
1061,1061.0,-6.805178198144379e-19,-3.364667539811337e-19
1062,1062.0,-6.810919501463767e-19,-3.353034043006548e-19
1063,1063.0,-6.816660804783153e-19,-3.34140054620176e-19
1064,1064.0,-6.82240210810254e-19,-3.329767049396971e-19
1065,1065.0,-6.828143411421927e-19,-3.3181335525921827e-19
1066,1066.0,-6.833884714741315e-19,-3.306500055787394e-19
1067,1067.0,-6.839626018060701e-19,-3.294866558982605e-19
1068,1068.0,-6.845367321380088e-19,-3.2832330621778167e-19
1069,1069.0,-6.8511086246994755e-19,-3.271599565373028e-19
1070,1070.0,-6.856849928018863e-19,-3.259966068568239e-19
1071,1071.0,-6.86259123133825e-19,-3.2483325717634507e-19
1072,1072.0,-6.868332534657637e-19,-3.236699074958662e-19
1073,1073.0,-6.874073837977024e-19,-3.2250655781538735e-19
1074,1074.0,-6.879815141296411e-19,-3.2134320813490847e-19
1075,1075.0,-6.885556444615798e-19,-3.201798584544296e-19
1076,1076.0,-6.891297747935185e-19,-3.1901650877395075e-19
1077,1077.0,-6.897039051254572e-19,-3.1785315909347187e-19
1078,1078.0,-6.902780354573959e-19,-3.1668980941299303e-19
1079,1079.0,-6.908521657893346e-19,-3.1552645973251415e-19
1080,1080.0,-6.914262961212733e-19,-3.1436311005203527e-19
1081,1081.0,-6.920004264532121e-19,-3.1319976037155643e-19
1082,1082.0,-6.925745567851508e-19,-3.1203641069107755e-19
1083,1083.0,-6.931486871170895e-19,-3.1087306101059866e-19
1084,1084.0,-6.937228174490281e-19,-3.0970971133011983e-19
1085,1085.0,-6.942969477809669e-19,-3.0854636164964095e-19
1086,1086.0,-6.948710781129056e-19,-3.073830119691621e-19
1087,1087.0,-6.954452084448443e-19,-3.0621966228868323e-19
1088,1088.0,-6.960193387767829e-19,-3.0505631260820435e-19
1089,1089.0,-6.965934691087217e-19,-3.038929629277255e-19
1090,1090.0,-6.971675994406604e-19,-3.0272961324724663e-19
1091,1091.0,-6.977417297725991e-19,-3.0156626356676774e-19
1092,1092.0,-6.983158601045378e-19,-3.004029138862889e-19
1093,1093.0,-6.988899904364765e-19,-2.9923956420581007e-19
1094,1094.0,-6.994641207684152e-19,-2.9807621452533124e-19
1095,1095.0,-7.000382511003539e-19,-2.9691286484485236e-19
1096,1096.0,-7.0061238143229255e-19,-2.957495151643735e-19
1097,1097.0,-7.011865117642313e-19,-2.9458616548389464e-19
1098,1098.0,-7.0176064209617e-19,-2.9342281580341576e-19
1099,1099.0,-7.023347724281087e-19,-2.922594661229369e-19
1100,1100.0,-7.0290890276004745e-19,-2.9109611644245804e-19
1101,1101.0,-7.034830330919862e-19,-2.899327667619792e-19
1102,1102.0,-7.040571634239249e-19,-2.887694170815003e-19
1103,1103.0,-7.046312937558635e-19,-2.8760606740102144e-19
1104,1104.0,-7.052054240878023e-19,-2.864427177205426e-19
1105,1105.0,-7.05779554419741e-19,-2.852793680400637e-19
1106,1106.0,-7.063536847516797e-19,-2.8411601835958484e-19
1107,1107.0,-7.069278150836183e-19,-2.82952668679106e-19
1108,1108.0,-7.075019454155571e-19,-2.817893189986271e-19
1109,1109.0,-7.080760757474958e-19,-2.806259693181483e-19
1110,1110.0,-7.086502060794345e-19,-2.794626196376694e-19
1111,1111.0,-7.092243364113732e-19,-2.782992699571905e-19
1112,1112.0,-7.09798466743312e-19,-2.771359202767117e-19
1113,1113.0,-7.103725970752507e-19,-2.759725705962328e-19
1114,1114.0,-7.109467274071893e-19,-2.7480922091575396e-19
1115,1115.0,-7.11520857739128e-19,-2.736458712352751e-19
1116,1116.0,-7.120949880710668e-19,-2.724825215547962e-19
1117,1117.0,-7.126691184030054e-19,-2.7131917187431736e-19
1118,1118.0,-7.132432487349441e-19,-2.701558221938385e-19
1119,1119.0,-7.138173790668828e-19,-2.689924725133596e-19
1120,1120.0,-7.143915093988216e-19,-2.6782912283288076e-19
1121,1121.0,-7.149656397307603e-19,-2.6666577315240193e-19
1122,1122.0,-7.15539770062699e-19,-2.6550242347192304e-19
1123,1123.0,-7.161139003946376e-19,-2.643390737914442e-19
1124,1124.0,-7.166880307265764e-19,-2.6317572411096533e-19
1125,1125.0,-7.172621610585151e-19,-2.6201237443048644e-19
1126,1126.0,-7.178362913904538e-19,-2.608490247500076e-19
1127,1127.0,-7.1841042172239245e-19,-2.5968567506952872e-19
1128,1128.0,-7.189845520543312e-19,-2.5852232538904984e-19
1129,1129.0,-7.195586823862699e-19,-2.57358975708571e-19
1130,1130.0,-7.201328127182086e-19,-2.561956260280921e-19
1131,1131.0,-7.2070694305014735e-19,-2.550322763476133e-19
1132,1132.0,-7.212810733820861e-19,-2.538689266671344e-19
1133,1133.0,-7.218552037140248e-19,-2.527055769866555e-19
1134,1134.0,-7.224293340459634e-19,-2.515422273061767e-19
1135,1135.0,-7.230034643779022e-19,-2.503788776256978e-19
1136,1136.0,-7.235775947098409e-19,-2.4921552794521897e-19
1137,1137.0,-7.241517250417796e-19,-2.480521782647401e-19
1138,1138.0,-7.247258553737182e-19,-2.468888285842612e-19
1139,1139.0,-7.25299985705657e-19,-2.4572547890378237e-19
1140,1140.0,-7.258741160375957e-19,-2.4456212922330353e-19
1141,1141.0,-7.264482463695344e-19,-2.4339877954282465e-19
1142,1142.0,-7.270223767014731e-19,-2.4223542986234577e-19
1143,1143.0,-7.275965070334118e-19,-2.4107208018186693e-19
1144,1144.0,-7.281706373653505e-19,-2.3990873050138805e-19
1145,1145.0,-7.287447676972892e-19,-2.387453808209092e-19
1146,1146.0,-7.293188980292279e-19,-2.3758203114043033e-19
1147,1147.0,-7.298930283611666e-19,-2.3641868145995145e-19
1148,1148.0,-7.304671586931053e-19,-2.352553317794726e-19
1149,1149.0,-7.31041289025044e-19,-2.3409198209899373e-19
1150,1150.0,-7.316154193569827e-19,-2.329286324185149e-19
1151,1151.0,-7.321895496889215e-19,-2.31765282738036e-19
1152,1152.0,-7.327636800208602e-19,-2.3060193305755713e-19
1153,1153.0,-7.333378103527989e-19,-2.294385833770783e-19
1154,1154.0,-7.339119406847375e-19,-2.282752336965994e-19
1155,1155.0,-7.344860710166763e-19,-2.2711188401612053e-19
1156,1156.0,-7.35060201348615e-19,-2.259485343356417e-19
1157,1157.0,-7.356343316805537e-19,-2.247851846551628e-19
1158,1158.0,-7.362084620124923e-19,-2.2362183497468398e-19
1159,1159.0,-7.367825923444311e-19,-2.2245848529420514e-19
1160,1160.0,-7.373567226763698e-19,-2.2129513561372626e-19
1161,1161.0,-7.379308530083085e-19,-2.2013178593324737e-19
1162,1162.0,-7.385049833402472e-19,-2.189684362527685e-19
1163,1163.0,-7.390791136721859e-19,-2.1780508657228966e-19
1164,1164.0,-7.396532440041246e-19,-2.166417368918108e-19
1165,1165.0,-7.402273743360633e-19,-2.1547838721133194e-19
1166,1166.0,-7.408015046680021e-19,-2.1431503753085308e-19
1167,1167.0,-7.413756349999408e-19,-2.131516878503742e-19
1168,1168.0,-7.419497653318794e-19,-2.1198833816989534e-19
1169,1169.0,-7.425238956638181e-19,-2.1082498848941648e-19
1170,1170.0,-7.430980259957569e-19,-2.0966163880893762e-19
1171,1171.0,-7.436721563276956e-19,-2.0849828912845874e-19
1172,1172.0,-7.442462866596343e-19,-2.0733493944797988e-19
1173,1173.0,-7.44820416991573e-19,-2.0617158976750102e-19
1174,1174.0,-7.453945473235117e-19,-2.0500824008702216e-19
1175,1175.0,-7.459686776554504e-19,-2.0384489040654328e-19
1176,1176.0,-7.465428079873891e-19,-2.0268154072606442e-19
1177,1177.0,-7.471169383193278e-19,-2.0151819104558556e-19
1178,1178.0,-7.476910686512665e-19,-2.0035484136510672e-19
1179,1179.0,-7.482651989832052e-19,-1.9919149168462786e-19
1180,1180.0,-7.488393293151439e-19,-1.9802814200414898e-19
1181,1181.0,-7.494134596470826e-19,-1.9686479232367012e-19
1182,1182.0,-7.499875899790214e-19,-1.9570144264319126e-19
1183,1183.0,-7.5056172031096e-19,-1.945380929627124e-19
1184,1184.0,-7.511358506428987e-19,-1.9337474328223355e-19
1185,1185.0,-7.517099809748374e-19,-1.9221139360175466e-19
1186,1186.0,-7.522841113067762e-19,-1.910480439212758e-19
1187,1187.0,-7.528582416387149e-19,-1.8988469424079694e-19
1188,1188.0,-7.534323719706535e-19,-1.8872134456031809e-19
1189,1189.0,-7.540065023025922e-19,-1.875579948798392e-19
1190,1190.0,-7.54580632634531e-19,-1.8639464519936034e-19
1191,1191.0,-7.551547629664697e-19,-1.8523129551888148e-19
1192,1192.0,-7.557288932984084e-19,-1.8406794583840263e-19
1193,1193.0,-7.563030236303471e-19,-1.8290459615792374e-19
1194,1194.0,-7.568771539622858e-19,-1.8174124647744488e-19
1195,1195.0,-7.574512842942245e-19,-1.8057789679696602e-19
1196,1196.0,-7.580254146261632e-19,-1.794145471164872e-19
1197,1197.0,-7.5859954495810195e-19,-1.7825119743600833e-19
1198,1198.0,-7.591736752900406e-19,-1.7708784775552945e-19
1199,1199.0,-7.597478056219793e-19,-1.759244980750506e-19
1200,1200.0,-7.60321935953918e-19,-1.7476114839457173e-19
1201,1201.0,-7.608960662858568e-19,-1.7359779871409287e-19
1202,1202.0,-7.614701966177955e-19,-1.72434449033614e-19
1203,1203.0,-7.620443269497342e-19,-1.7127109935313513e-19
1204,1204.0,-7.626184572816728e-19,-1.7010774967265627e-19
1205,1205.0,-7.631925876136116e-19,-1.689443999921774e-19
1206,1206.0,-7.637667179455503e-19,-1.6778105031169855e-19
1207,1207.0,-7.64340848277489e-19,-1.6661770063121967e-19
1208,1208.0,-7.649149786094276e-19,-1.654543509507408e-19
1209,1209.0,-7.654891089413664e-19,-1.6429100127026195e-19
1210,1210.0,-7.660632392733051e-19,-1.631276515897831e-19
1211,1211.0,-7.666373696052438e-19,-1.619643019093042e-19
1212,1212.0,-7.672114999371825e-19,-1.6080095222882535e-19
1213,1213.0,-7.677856302691213e-19,-1.596376025483465e-19
1214,1214.0,-7.683597606010599e-19,-1.5847425286786763e-19
1215,1215.0,-7.689338909329986e-19,-1.573109031873888e-19
1216,1216.0,-7.695080212649373e-19,-1.5614755350690991e-19
1217,1217.0,-7.700821515968761e-19,-1.5498420382643105e-19
1218,1218.0,-7.706562819288147e-19,-1.538208541459522e-19
1219,1219.0,-7.712304122607534e-19,-1.5265750446547334e-19
1220,1220.0,-7.718045425926921e-19,-1.5149415478499448e-19
1221,1221.0,-7.723786729246309e-19,-1.503308051045156e-19
1222,1222.0,-7.729528032565696e-19,-1.4916745542403674e-19
1223,1223.0,-7.735269335885083e-19,-1.4800410574355788e-19
1224,1224.0,-7.7410106392044695e-19,-1.4684075606307902e-19
1225,1225.0,-7.746751942523857e-19,-1.4567740638260013e-19
1226,1226.0,-7.752493245843244e-19,-1.4451405670212128e-19
1227,1227.0,-7.758234549162631e-19,-1.4335070702164242e-19
1228,1228.0,-7.763975852482018e-19,-1.4218735734116356e-19
1229,1229.0,-7.769717155801405e-19,-1.4102400766068467e-19
1230,1230.0,-7.775458459120792e-19,-1.3986065798020582e-19
1231,1231.0,-7.781199762440179e-19,-1.3869730829972696e-19
1232,1232.0,-7.786941065759567e-19,-1.375339586192481e-19
1233,1233.0,-7.792682369078954e-19,-1.3637060893876921e-19
1234,1234.0,-7.79842367239834e-19,-1.3520725925829038e-19
1235,1235.0,-7.804164975717727e-19,-1.3404390957781152e-19
1236,1236.0,-7.809906279037115e-19,-1.3288055989733264e-19
1237,1237.0,-7.815647582356502e-19,-1.3171721021685378e-19
1238,1238.0,-7.821388885675889e-19,-1.3055386053637492e-19
1239,1239.0,-7.827130188995275e-19,-1.2939051085589606e-19
1240,1240.0,-7.832871492314663e-19,-1.282271611754172e-19
1241,1241.0,-7.83861279563405e-19,-1.2706381149493834e-19
1242,1242.0,-7.844354098953437e-19,-1.2590046181445948e-19
1243,1243.0,-7.850095402272824e-19,-1.247371121339806e-19
1244,1244.0,-7.855836705592211e-19,-1.2357376245350174e-19
1245,1245.0,-7.861578008911598e-19,-1.2241041277302288e-19
1246,1246.0,-7.867319312230985e-19,-1.2124706309254402e-19
1247,1247.0,-7.873060615550372e-19,-1.2008371341206514e-19
1248,1248.0,-7.878801918869759e-19,-1.189203637315863e-19
1249,1249.0,-7.884543222189146e-19,-1.1775701405110745e-19
1250,1250.0,-7.890284525508533e-19,-1.1659366437062856e-19
1251,1251.0,-7.89602582882792e-19,-1.154303146901497e-19
1252,1252.0,-7.901767132147308e-19,-1.1426696500967085e-19
1253,1253.0,-7.907508435466695e-19,-1.1310361532919199e-19
1254,1254.0,-7.913249738786081e-19,-1.119402656487131e-19
1255,1255.0,-7.9189910421054685e-19,-1.1077691596823424e-19
1256,1256.0,-7.924732345424856e-19,-1.0961356628775539e-19
1257,1257.0,-7.930473648744243e-19,-1.0845021660727653e-19
1258,1258.0,-7.936214952063629e-19,-1.0728686692679767e-19
1259,1259.0,-7.941956255383017e-19,-1.0612351724631881e-19
1260,1260.0,-7.947697558702404e-19,-1.0496016756583994e-19
1261,1261.0,-7.953438862021791e-19,-1.0379681788536108e-19
1262,1262.0,-7.959180165341178e-19,-1.0263346820488221e-19
1263,1263.0,-7.964921468660566e-19,-1.0147011852440335e-19
1264,1264.0,-7.970662771979952e-19,-1.0030676884392448e-19
1265,1265.0,-7.976404075299339e-19,-9.914341916344562e-20
1266,1266.0,-7.982145378618726e-19,-9.798006948296675e-20
1267,1267.0,-7.987886681938114e-19,-9.68167198024879e-20
1268,1268.0,-7.993627985257501e-19,-9.565337012200904e-20
1269,1269.0,-7.999369288576887e-19,-9.449002044153017e-20
1270,1270.0,-8.005110591896274e-19,-9.332667076105131e-20
1271,1271.0,-8.010851895215662e-19,-9.216332108057244e-20
1272,1272.0,-8.016593198535049e-19,-9.099997140009358e-20
1273,1273.0,-8.022334501854436e-19,-8.983662171961471e-20
1274,1274.0,-8.028075805173822e-19,-8.867327203913585e-20
1275,1275.0,-8.03381710849321e-19,-8.750992235865698e-20
1276,1276.0,-8.039558411812597e-19,-8.634657267817813e-20
1277,1277.0,-8.045299715131984e-19,-8.518322299769927e-20
1278,1278.0,-8.051041018451371e-19,-8.40198733172204e-20
1279,1279.0,-8.056782321770758e-19,-8.285652363674154e-20
1280,1280.0,-8.062523625090145e-19,-8.169317395626267e-20
1281,1281.0,-8.068264928409532e-19,-8.052982427578381e-20
1282,1282.0,-8.074006231728919e-19,-7.936647459530494e-20
1283,1283.0,-8.079747535048307e-19,-7.820312491482608e-20
1284,1284.0,-8.085488838367693e-19,-7.703977523434721e-20
1285,1285.0,-8.09123014168708e-19,-7.587642555386835e-20
1286,1286.0,-8.0969714450064675e-19,-7.471307587338951e-20
1287,1287.0,-8.102712748325855e-19,-7.354972619291064e-20
1288,1288.0,-8.108454051645242e-19,-7.238637651243178e-20
1289,1289.0,-8.114195354964628e-19,-7.122302683195291e-20
1290,1290.0,-8.119936658284016e-19,-7.005967715147405e-20
1291,1291.0,-8.125677961603403e-19,-6.889632747099518e-20
1292,1292.0,-8.13141926492279e-19,-6.773297779051632e-20
1293,1293.0,-8.137160568242177e-19,-6.656962811003746e-20
1294,1294.0,-8.142901871561564e-19,-6.54062784295586e-20
1295,1295.0,-8.148643174880951e-19,-6.424292874907973e-20
1296,1296.0,-8.154384478200338e-19,-6.307957906860087e-20
1297,1297.0,-8.160125781519725e-19,-6.191622938812201e-20
1298,1298.0,-8.165867084839113e-19,-6.075287970764314e-20
1299,1299.0,-8.171608388158499e-19,-5.958953002716428e-20
1300,1300.0,-8.177349691477886e-19,-5.842618034668541e-20
1301,1301.0,-8.183090994797273e-19,-5.726283066620655e-20
1302,1302.0,-8.188832298116661e-19,-5.609948098572769e-20
1303,1303.0,-8.194573601436048e-19,-5.493613130524882e-20
1304,1304.0,-8.200314904755434e-19,-5.377278162476996e-20
1305,1305.0,-8.206056208074821e-19,-5.2609431944291096e-20
1306,1306.0,-8.211797511394209e-19,-5.144608226381223e-20
1307,1307.0,-8.217538814713596e-19,-5.028273258333338e-20
1308,1308.0,-8.223280118032983e-19,-4.9119382902854513e-20
1309,1309.0,-8.229021421352369e-19,-4.795603322237565e-20
1310,1310.0,-8.234762724671757e-19,-4.6792683541896783e-20
1311,1311.0,-8.240504027991144e-19,-4.562933386141792e-20
1312,1312.0,-8.246245331310531e-19,-4.446598418093906e-20
1313,1313.0,-8.251986634629918e-19,-4.3302634500460194e-20
1314,1314.0,-8.257727937949305e-19,-4.213928481998133e-20
1315,1315.0,-8.263469241268692e-19,-4.0975935139502464e-20
1316,1316.0,-8.269210544588079e-19,-3.981258545902361e-20
1317,1317.0,-8.2749518479074665e-19,-3.8649235778544746e-20
1318,1318.0,-8.280693151226854e-19,-3.748588609806588e-20
1319,1319.0,-8.28643445454624e-19,-3.6322536417587016e-20
1320,1320.0,-8.292175757865627e-19,-3.515918673710816e-20
1321,1321.0,-8.297917061185015e-19,-3.399583705662929e-20
1322,1322.0,-8.303658364504402e-19,-3.283248737615043e-20
1323,1323.0,-8.309399667823789e-19,-3.166913769567156e-20
1324,1324.0,-8.315140971143175e-19,-3.0505788015192703e-20
1325,1325.0,-8.320882274462563e-19,-2.934243833471384e-20
1326,1326.0,-8.32662357778195e-19,-2.8179088654234973e-20
1327,1327.0,-8.332364881101337e-19,-2.7015738973756114e-20
1328,1328.0,-8.338106184420724e-19,-2.585238929327725e-20
1329,1329.0,-8.343847487740111e-19,-2.4689039612798387e-20
1330,1330.0,-8.349588791059498e-19,-2.3525689932319522e-20
1331,1331.0,-8.355330094378885e-19,-2.2362340251840657e-20
1332,1332.0,-8.361071397698272e-19,-2.1198990571361798e-20
1333,1333.0,-8.36681270101766e-19,-2.0035640890882933e-20
1334,1334.0,-8.372554004337046e-19,-1.887229121040407e-20
1335,1335.0,-8.378295307656433e-19,-1.7708941529925206e-20
1336,1336.0,-8.38403661097582e-19,-1.6545591849446344e-20
1337,1337.0,-8.389777914295208e-19,-1.5382242168967482e-20
1338,1338.0,-8.395519217614595e-19,-1.4218892488488617e-20
1339,1339.0,-8.401260520933981e-19,-1.3055542808009755e-20
1340,1340.0,-8.407001824253368e-19,-1.1892193127530893e-20
1341,1341.0,-8.412743127572756e-19,-1.0728843447052028e-20
1342,1342.0,-8.418484430892143e-19,-9.565493766573166e-21
1343,1343.0,-8.42422573421153e-19,-8.402144086094303e-21
1344,1344.0,-8.429967037530916e-19,-7.23879440561544e-21
1345,1345.0,-8.435708340850304e-19,-6.0754447251365775e-21
1346,1346.0,-8.441449644169691e-19,-4.912095044657714e-21
1347,1347.0,-8.447190947489078e-19,-3.748745364178851e-21
1348,1348.0,-8.4529322508084655e-19,-2.585395683699988e-21
1349,1349.0,-9.378480414509175e-19,1.1658227113774329e-20
1350,1350.0,-1.0676858945706844e-18,3.120374886767527e-20
1351,1351.0,-1.1975237476904513e-18,5.0749270621576215e-20
1352,1352.0,-1.3273616008102151e-18,7.029479237547677e-20
1353,1353.0,-1.457199453929982e-18,8.984031412937772e-20
1354,1354.0,-1.587037307049749e-18,1.0938583588327866e-19
1355,1355.0,-1.7168751601695158e-18,1.289313576371796e-19
1356,1356.0,-1.8467130132892827e-18,1.4847687939108054e-19
1357,1357.0,-1.9765508664090465e-18,1.6802240114498149e-19
1358,1358.0,-2.1063887195288134e-18,1.8756792289888243e-19
1359,1359.0,-2.2362265726485803e-18,2.0711344465278337e-19
1360,1360.0,-2.3660644257683472e-18,2.266589664066843e-19
1361,1361.0,-2.495902278888114e-18,2.4620448816058526e-19
1362,1362.0,-2.625740132007878e-18,2.657500099144858e-19
1363,1363.0,-2.7555779851276448e-18,2.8529553166838676e-19
1364,1364.0,-2.8854158382474117e-18,3.048410534222877e-19
1365,1365.0,-3.0152536913671755e-18,3.2438657517618864e-19
1366,1366.0,-3.1450915444869424e-18,3.439320969300896e-19
1367,1367.0,-3.274929397606706e-18,3.6347761868399053e-19
1368,1368.0,-3.404767250726473e-18,3.8302314043789147e-19
1369,1369.0,-3.53460510384624e-18,4.025686621917924e-19
1370,1370.0,-3.664442956966007e-18,4.2211418394569336e-19
1371,1371.0,-3.794280810085774e-18,4.416597056995943e-19
1372,1372.0,-3.9241186632055376e-18,4.612052274534949e-19
1373,1373.0,-4.0539565163253045e-18,4.807507492073958e-19
1374,1374.0,-4.183794369445071e-18,5.002962709612967e-19
1375,1375.0,-4.313632222564838e-18,5.198417927151977e-19
1376,1376.0,-4.443470075684605e-18,5.39387314469099e-19
1377,1377.0,-4.573307928804369e-18,5.589328362229996e-19
1378,1378.0,-4.703145781924136e-18,5.784783579769005e-19
1379,1379.0,-4.832983635043903e-18,5.980238797308015e-19
1380,1380.0,-4.96282148816367e-18,6.175694014847024e-19
1381,1381.0,-5.0926593412834334e-18,6.37114923238603e-19
1382,1382.0,-5.2224971944032e-18,6.566604449925039e-19
1383,1383.0,-5.352335047522964e-18,6.762059667464048e-19
1384,1384.0,-5.482172900642731e-18,6.957514885003058e-19
1385,1385.0,-5.612010753762498e-18,7.152970102542071e-19
1386,1386.0,-5.741848606882262e-18,7.348425320081077e-19
1387,1387.0,-5.871686460002029e-18,7.543880537620086e-19
1388,1388.0,-6.0015243131217955e-18,7.739335755159096e-19
1389,1389.0,-6.1313621662415624e-18,7.934790972698105e-19
1390,1390.0,-6.261200019361329e-18,8.130246190237114e-19
1391,1391.0,-6.391037872481093e-18,8.32570140777612e-19
1392,1392.0,-6.52087572560086e-18,8.521156625315129e-19
1393,1393.0,-6.650713578720627e-18,8.716611842854139e-19
1394,1394.0,-6.780551431840394e-18,8.912067060393152e-19
1395,1395.0,-6.910389284960159e-18,9.107522277932162e-19
1396,1396.0,-7.040227138079924e-18,9.302977495471167e-19
1397,1397.0,-7.17006499119969e-18,9.498432713010177e-19
1398,1398.0,-7.299902844319457e-18,9.693887930549186e-19
1399,1399.0,-7.429740697439224e-18,9.889343148088195e-19
1400,1400.0,-7.55957855055899e-18,1.0084798365627205e-18
1401,1401.0,-7.689416403678754e-18,1.028025358316621e-18
1402,1402.0,-7.819254256798521e-18,1.047570880070522e-18
1403,1403.0,-7.949092109918288e-18,1.0671164018244233e-18
1404,1404.0,-8.078929963038053e-18,1.0866619235783243e-18
1405,1405.0,-8.20876781615782e-18,1.1062074453322252e-18
1406,1406.0,-8.338605669277586e-18,1.1257529670861258e-18
1407,1407.0,-8.468443522397351e-18,1.1452984888400267e-18
1408,1408.0,-8.598281375517118e-18,1.1648440105939276e-18
1409,1409.0,-8.728119228636885e-18,1.1843895323478286e-18
1410,1410.0,-8.857957081756652e-18,1.2039350541017295e-18
1411,1411.0,-8.987794934876416e-18,1.22348057585563e-18
1412,1412.0,-9.117632787996182e-18,1.2430260976095312e-18
1413,1413.0,-9.24747064111595e-18,1.2625716193634322e-18
1414,1414.0,-9.377308494235715e-18,1.2821171411173331e-18
1415,1415.0,-9.50714634735548e-18,1.3016626628712339e-18
1416,1416.0,-9.636984200475245e-18,1.3212081846251348e-18
1417,1417.0,-9.766822053595012e-18,1.3407537063790357e-18
1418,1418.0,-9.896659906714779e-18,1.3602992281329367e-18
1419,1419.0,-1.0026497759834546e-17,1.3798447498868376e-18
1420,1420.0,-1.015633561295431e-17,1.3993902716407384e-18
1421,1421.0,-1.0286173466074077e-17,1.4189357933946393e-18
1422,1422.0,-1.0416011319193844e-17,1.4384813151485403e-18
1423,1423.0,-1.0545849172313609e-17,1.4580268369024412e-18
1424,1424.0,-1.0675687025433376e-17,1.4775723586563422e-18
1425,1425.0,-1.0805524878553141e-17,1.4971178804102431e-18
1426,1426.0,-1.0935362731672907e-17,1.5166634021641438e-18
1427,1427.0,-1.1065200584792673e-17,1.5362089239180448e-18
1428,1428.0,-1.119503843791244e-17,1.5557544456719457e-18
1429,1429.0,-1.1324876291032206e-17,1.5752999674258467e-18
1430,1430.0,-1.1454714144151973e-17,1.5948454891797476e-18
1431,1431.0,-1.1584551997271738e-17,1.6143910109336484e-18
1432,1432.0,-1.1714389850391505e-17,1.6339365326875493e-18
1433,1433.0,-1.184422770351127e-17,1.6534820544414503e-18
1434,1434.0,-1.1974065556631036e-17,1.6730275761953512e-18
1435,1435.0,-1.2103903409750802e-17,1.6925730979492521e-18
1436,1436.0,-1.2233741262870568e-17,1.7121186197031529e-18
1437,1437.0,-1.2363579115990335e-17,1.7316641414570538e-18
1438,1438.0,-1.2493416969110102e-17,1.751209663210955e-18
1439,1439.0,-1.2623254822229867e-17,1.7707551849648557e-18
1440,1440.0,-1.2753092675349634e-17,1.7903007067187567e-18
1441,1441.0,-1.2882930528469399e-17,1.8098462284726572e-18
1442,1442.0,-1.3012768381589165e-17,1.829391750226558e-18
1443,1443.0,-1.314260623470893e-17,1.848937271980459e-18
1444,1444.0,-1.3272444087828697e-17,1.86848279373436e-18
1445,1445.0,-1.3402281940948464e-17,1.888028315488261e-18
1446,1446.0,-1.3532119794068229e-17,1.907573837242162e-18
1447,1447.0,-1.3661957647187996e-17,1.927119358996063e-18
1448,1448.0,-1.3791795500307761e-17,1.946664880749964e-18
1449,1449.0,-1.3921633353427527e-17,1.9662104025038648e-18
1450,1450.0,-1.4051471206547293e-17,1.9857559242577657e-18
1451,1451.0,-1.418130905966706e-17,2.0053014460116667e-18
1452,1452.0,-1.4311146912786827e-17,2.0248469677655676e-18
1453,1453.0,-1.444098476590659e-17,2.0443924895194685e-18
1454,1454.0,-1.4570822619026358e-17,2.0639380112733695e-18
1455,1455.0,-1.4700660472146125e-17,2.0834835330272704e-18
1456,1456.0,-1.483049832526589e-17,2.103029054781171e-18
1457,1457.0,-1.4960336178385656e-17,2.122574576535072e-18
1458,1458.0,-1.5090174031505422e-17,2.142120098288973e-18
1459,1459.0,-1.522001188462519e-17,2.161665620042874e-18
1460,1460.0,-1.5349849737744953e-17,2.1812111417967748e-18
1461,1461.0,-1.547968759086472e-17,2.2007566635506757e-18
1462,1462.0,-1.5609525443984487e-17,2.2203021853045766e-18
1463,1463.0,-1.573936329710425e-17,2.2398477070584772e-18
1464,1464.0,-1.5869201150224018e-17,2.259393228812378e-18
1465,1465.0,-1.5999039003343785e-17,2.278938750566279e-18
1466,1466.0,-1.612887685646355e-17,2.29848427232018e-18
1467,1467.0,-1.6258714709583318e-17,2.318029794074081e-18
1468,1468.0,-1.6388552562703082e-17,2.337575315827982e-18
1469,1469.0,-1.651839041582285e-17,2.357120837581883e-18
1470,1470.0,-1.6648228268942616e-17,2.3766663593357838e-18
1471,1471.0,-1.677806612206238e-17,2.3962118810896847e-18
1472,1472.0,-1.6907903975182147e-17,2.4157574028435857e-18
1473,1473.0,-1.7037741828301914e-17,2.4353029245974866e-18
1474,1474.0,-1.716757968142168e-17,2.4548484463513876e-18
1475,1475.0,-1.7297417534541447e-17,2.4743939681052885e-18
1476,1476.0,-1.742725538766121e-17,2.4939394898591895e-18
1477,1477.0,-1.7557093240780978e-17,2.51348501161309e-18
1478,1478.0,-1.7686931093900745e-17,2.533030533366991e-18
1479,1479.0,-1.781676894702051e-17,2.552576055120892e-18
1480,1480.0,-1.7946606800140276e-17,2.572121576874793e-18
1481,1481.0,-1.8076444653260042e-17,2.5916670986286938e-18
1482,1482.0,-1.820628250637981e-17,2.6112126203825947e-18
1483,1483.0,-1.8336120359499576e-17,2.6307581421364957e-18
1484,1484.0,-1.846595821261934e-17,2.6503036638903962e-18
1485,1485.0,-1.8595796065739107e-17,2.669849185644297e-18
1486,1486.0,-1.8725633918858874e-17,2.689394707398198e-18
1487,1487.0,-1.8855471771978638e-17,2.708940229152099e-18
1488,1488.0,-1.8985309625098405e-17,2.728485750906e-18
1489,1489.0,-1.911514747821817e-17,2.748031272659901e-18
1490,1490.0,-1.9244985331337938e-17,2.767576794413802e-18
1491,1491.0,-1.9374823184457702e-17,2.787122316167703e-18
1492,1492.0,-1.950466103757747e-17,2.8066678379216038e-18
1493,1493.0,-1.9634498890697236e-17,2.8262133596755047e-18
1494,1494.0,-1.9764336743817003e-17,2.8457588814294057e-18
1495,1495.0,-1.9894174596936767e-17,2.8653044031833062e-18
1496,1496.0,-2.0024012450056534e-17,2.884849924937207e-18
1497,1497.0,-2.01538503031763e-17,2.904395446691108e-18
1498,1498.0,-2.0283688156296067e-17,2.923940968445009e-18
1499,1499.0,-2.041352600941583e-17,2.94348649019891e-18
1500,1500.0,-2.0543363862535598e-17,2.963032011952811e-18
